Company Name,High,Low,Last Price,Prv Close,Change,Day Volume,FiveDay AvgVolume,TenDayAvgVolume,ThirtyDayAvgVolume,Rating,Api
Asian Granito,163.85,160.25,163.85,156.05,7.80,170292,80773,155776,103759,4 Star,http://www.moneycontrol.com/india/stockpricequote/ceramicsgranite/asiangranitoindia/AGI04
Sical Logistics,168.10,155,168.10,160.10,8,123652,249646,143210,59507,3 Star,http://www.moneycontrol.com/india/stockpricequote/trading/sicallogistics/SL15
Minda Corp,656.35,656.35,656.35,625.10,31.25,684,158,157,350,4 Star,http://www.moneycontrol.com/india/stockpricequote/autoancillaries/mindacorporation/MC23
KSE,461.80,461.80,461.80,439.85,21.95,2173,2368,1560,808,3 Star,http://www.moneycontrol.com/india/stockpricequote/edibleoilssolventextraction/kse/KSE
Welspun Ent,335.45,335.45,335.45,319.50,15.95,1282,16595,20614,12776,2 Star,http://www.moneycontrol.com/india/stockpricequote/miscellaneous/welspunenterprises/WE01
Maithan Alloys,219.70,214.10,219.70,209.25,10.45,17349,13223,9979,3967,5 Star,http://www.moneycontrol.com/india/stockpricequote/miningminerals/maithanalloys/MA04
RamkrishnaForge,311.70,300,311.70,296.90,14.80,133986,62203,58595,23780,5 Star,http://www.moneycontrol.com/india/stockpricequote/castingsforgings/ramkrishnaforgings/RF17
Accel Frontline,92.80,87,92.80,88.40,4.40,11279,24902,20742,10220,3 Star,http://www.moneycontrol.com/india/stockpricequote/computers-softwaremediumsmall/accelfrontline/AF29
SKM Egg Product,125.65,125.65,125.65,119.70,5.95,61495,185255,246517,193718,2 Star,http://www.moneycontrol.com/india/stockpricequote/foodprocessing/skmeggproductsexport(india)/SKM
Vinyl Chemicals,65.60,61.50,65.60,62.50,3.10,97379,95245,58785,29972,5 Star,http://www.moneycontrol.com/india/stockpricequote/chemicals/vinylchemicals(india)/VCI02
Welspun Project,37.20,37.15,37.20,35.45,1.75,6005,95534,73362,63230,3 Star,http://www.moneycontrol.com/india/stockpricequote/constructioncontracting-civil/welspunprojects/MSK
V2 Retail,43.90,43.90,43.90,41.85,2.05,46488,68807,65099,37692,3 Star,http://www.moneycontrol.com/india/stockpricequote/trading/v2retail/VR02
Neo Corp,34.35,33,34.35,32.75,1.60,154480,102213,93096,61933,5 Star,http://www.moneycontrol.com/india/stockpricequote/packaging/neocorpinternational/NS02
Mcnally Bh Engg,88.45,81.25,87.60,83.55,4.05,67748,42851,43710,51496,4 Star,http://www.moneycontrol.com/india/stockpricequote/engineering/mcnallybharatengineering/MBE
Lyka Labs,25.95,23.60,25.95,24.75,1.20,187886,118621,130921,142144,4 Star,http://www.moneycontrol.com/india/stockpricequote/pharmaceuticals/lykalabs/LL02
Solar Ind,2678.10,2461.05,2649.80,2527.50,122.30,11891,5572,4005,3066,5 Star,http://www.moneycontrol.com/india/stockpricequote/chemicals/solarindustriesindia/SII04
Nitco,30.35,28.10,30.35,28.95,1.40,43080,105512,107255,53756,2 Star,http://www.moneycontrol.com/india/stockpricequote/ceramicsgranite/nitco/N52
STEL Holdings,30.65,28,30.60,29.20,1.40,3588,8686,5861,6070,3 Star,http://www.moneycontrol.com/india/stockpricequote/finance-investments/stelholdings/STE01
Bombay Burmah,319.90,306.20,315.65,301.25,14.40,303589,286271,360982,205381,2 Star,http://www.moneycontrol.com/india/stockpricequote/plantations-teacoffee/bombayburmahtradingcorporation/BBT
Dalmia Bharat,487,459,480.35,458.60,21.75,195282,41471,86765,35926,4 Star,http://www.moneycontrol.com/india/stockpricequote/cement-major/dalmiabharat/DBE
Tata Coffee,984,923,969.75,926.15,43.60,767607,65792,61807,67170,4 Star,http://www.moneycontrol.com/india/stockpricequote/plantations-teacoffee/tatacoffee/TC14
WABCO India,4399,4130,4291.90,4099.85,192.05,17481,20857,14126,8282,3 Star,http://www.moneycontrol.com/india/stockpricequote/autoancillaries/wabcoindia/WAB
Ansal Housing,32.80,31.50,32.25,30.80,1.45,83045,28529,39391,40966,4 Star,http://www.moneycontrol.com/india/stockpricequote/constructioncontracting-housing/ansalhousingconstruction/AHC
Rashtriya Chem,72.45,69.05,71.80,68.60,3.20,4899979,2995749,3161702,1679472,4 Star,http://www.moneycontrol.com/india/stockpricequote/fertilisers/rashtriyachemicalsfertilisers/RCF01
Emkay Global,54.95,50.55,54.90,52.45,2.45,106342,9743,14697,10712,4 Star,http://www.moneycontrol.com/india/stockpricequote/finance-general/emkayglobalfinancialservices/EGF
Shemaroo Ent,174.50,164,172.75,165.10,7.65,123998,79776,68580,0,5 Star,http://www.moneycontrol.com/india/stockpricequote/mediaentertainment/shemarooentertainment/SE03
Simplex Infra,314.80,304.80,310.45,296.80,13.65,227634,327544,205029,101777,3 Star,http://www.moneycontrol.com/india/stockpricequote/constructioncontracting-civil/simplexinfrastructures/SI82
Rel Capital,504,481.60,502.05,480.05,22,5012073,3374836,3517253,2811056,4 Star,http://www.moneycontrol.com/india/stockpricequote/finance-investments/reliancecapital/RC
Williamson Mago,62.50,58.20,62.30,59.60,2.70,4355,4236,5247,4855,2 Star,http://www.moneycontrol.com/india/stockpricequote/finance-investments/williamsonmagorcompany/WMC
Indiabulls Real,84.95,79.20,84.40,80.70,3.70,12630137,9050092,10872679,7663885,4 Star,http://www.moneycontrol.com/india/stockpricequote/constructioncontracting-realestate/indiabullsrealestate/IRE01
Kalindee Rail,116.25,108.10,112.95,108.10,4.85,457707,361648,261981,119556,5 Star,http://www.moneycontrol.com/india/stockpricequote/engineering/kalindeerailnirman(engineers)/KRN
Marico Kaya Ent,810,755,770.25,737.20,33.05,471851,214312,167727,101766,5 Star,http://www.moneycontrol.com/india/stockpricequote/miscellaneous/maricokayaenterprises/MKE01
HSIL,403.45,374.80,392,375.35,16.65,241212,45001,99433,85127,4 Star,http://www.moneycontrol.com/india/stockpricequote/ceramicsgranite/hsil/HSI02
Pidilite Ind,434,416.10,432.85,414.55,18.30,793562,306211,255698,194631,5 Star,http://www.moneycontrol.com/india/stockpricequote/chemicals/pidiliteindustries/PI11
Guj Ind Power,90.60,85.05,89.30,85.50,3.80,106645,49718,82637,62730,4 Star,http://www.moneycontrol.com/india/stockpricequote/power-generationdistribution/gujaratindustriespowerco/GIP
Aegis Logistics,401.90,384,395.75,379.35,16.40,119698,44084,35865,25842,5 Star,http://www.moneycontrol.com/india/stockpricequote/transportlogistics/aegislogistics/AL9
Central Bank,77.85,73.25,77.50,74.30,3.20,1047095,870448,778335,558364,5 Star,http://www.moneycontrol.com/india/stockpricequote/banks-publicsector/centralbankindia/CBO01
Sterling Tools,368.90,339.35,365.20,350.15,15.05,5664,5416,19135,7858,2 Star,http://www.moneycontrol.com/india/stockpricequote/fasteners/sterlingtools/ST
ICRA,2749.40,2550.05,2712.60,2600.90,111.70,11843,2960,2163,1743,5 Star,http://www.moneycontrol.com/india/stockpricequote/miscellaneous/icra/ICR
NFL,40.40,37.30,39.25,37.65,1.60,1731479,619976,588282,322645,5 Star,http://www.moneycontrol.com/india/stockpricequote/fertilisers/nationalfertilizers/NF06
Tata Motors (D),337.80,319.55,336.80,323.15,13.65,3188228,1358814,2116201,2415770,4 Star,http://www.moneycontrol.com/india/stockpricequote/auto-lcvshcvs/tatamotors(dvr)/TMD
MCX India,879.70,837.30,870.95,835.95,35,779960,263205,374079,463908,4 Star,http://www.moneycontrol.com/india/stockpricequote/miscellaneous/multicommodityexchangeindia/MCE
Bank of Baroda,1060,1003.55,1057.50,1014.80,42.70,1175233,1143754,1118081,1120466,5 Star,http://www.moneycontrol.com/india/stockpricequote/banks-publicsector/bankofbaroda/BOB
Finolex Ind,299,285.30,297.10,285.30,11.80,162910,267339,199103,140501,3 Star,http://www.moneycontrol.com/india/stockpricequote/petrochemicals/finolexindustries/FI
Bayer CropScien,2895,2703.10,2822.40,2711.25,111.15,45868,89981,54468,23172,3 Star,http://www.moneycontrol.com/india/stockpricequote/pesticidesagrochemicals/bayercropscience/BC12
Tata Motors,547.55,520,545.25,523.90,21.35,7083220,3378917,3871926,4600684,4 Star,http://www.moneycontrol.com/india/stockpricequote/auto-lcvshcvs/tatamotors/TM03
Indoco Remedies,315,293,308.15,296.25,11.90,162719,125303,162915,127439,2 Star,http://www.moneycontrol.com/india/stockpricequote/pharmaceuticals/indocoremedies/IR05
Network 18,57.40,54.60,56.80,54.60,2.20,529708,865821,1154924,749471,2 Star,http://www.moneycontrol.com/india/stockpricequote/finance-general/network18mediainvestments/NMI
Hi-Tech Gears,230,216.70,228.40,219.60,8.80,60237,59526,51449,25701,5 Star,http://www.moneycontrol.com/india/stockpricequote/autoancillaries/hi-techgears/HTG
FAG Bearings,3110,2980.05,3095.85,2977.75,118.10,2955,12423,8560,6165,3 Star,http://www.moneycontrol.com/india/stockpricequote/bearings/fagbearingsindia/FAG
Automotive Axle,782.65,746.15,771.90,742.75,29.15,12635,9047,9240,9454,4 Star,http://www.moneycontrol.com/india/stockpricequote/autoancillaries/automotiveaxles/AA06
Shriram EPC,39.75,37.65,39.15,37.65,1.50,123998,79776,68580,0,5 Star,http://www.moneycontrol.com/india/stockpricequote/engineering-heavy/shriramepc/SE03
Precision Wires,135,125.20,131.70,126.75,4.95,18894,21841,23049,21390,2 Star,http://www.moneycontrol.com/india/stockpricequote/metals-nonferrous/precisionwiresindia/PWI
Future Ret (D),55.80,51.70,55.05,53,2.05,18318,12803,9347,15836,4 Star,http://www.moneycontrol.com/india/stockpricequote/retail/futureretail(india)-b-dvr/PRI
CARE,1380,1330,1361,1310.70,50.30,166398,20206,54906,49809,4 Star,http://www.moneycontrol.com/india/stockpricequote/miscellaneous/creditanalysisresearch/CAR
Hanung Toys,21.85,19.85,21.65,20.85,0.80,48069,28607,28930,19986,4 Star,http://www.moneycontrol.com/india/stockpricequote/miscellaneous/hanungtoystextiles/HTT
Bharat Rasayan,942,899.90,924.30,890.20,34.10,6080,3278,2224,1031,5 Star,http://www.moneycontrol.com/india/stockpricequote/pesticidesagrochemicals/bharatrasayan/BR01
Jeypore Sugar,84,84,84,80.95,3.05,20,64,137,137,2 Star,http://www.moneycontrol.com/india/stockpricequote/sugar/jeyporesugarcompany/JSC
Surana Ventures,100,85.10,98.95,95.45,3.50,156514,18093,22794,37379,4 Star,http://www.moneycontrol.com/india/stockpricequote/miscellaneous/suranaventures/SV05
8K Miles Soft,645.65,590,624.65,602.45,22.20,185827,198886,128128,98051,3 Star,http://www.moneycontrol.com/india/stockpricequote/finance-investments/8kmilessoftwareservices/PMS01
Wonderla,309.30,292.50,307,296.15,10.85,297658,236641,409255,362082,2 Star,http://www.moneycontrol.com/india/stockpricequote/miscellaneous/wonderlaholidays/WH01
Deccan Cements,430,407,410.05,395.80,14.25,7846,2188,2416,1642,4 Star,http://www.moneycontrol.com/india/stockpricequote/cement-mini/deccancements/DC
ANG Industries,29.50,26.25,29,28,1,50234,13111,14164,27467,4 Star,http://www.moneycontrol.com/india/stockpricequote/autoancillaries/angindustries/ANG
Kirloskar Oil,270,258.40,267.70,258.50,9.20,49714,8663,21740,17892,4 Star,http://www.moneycontrol.com/india/stockpricequote/engines/kirloskaroilengines/KOE03
Lloyd Electric,145.45,138.55,144.50,139.55,4.95,218015,327623,299174,259386,3 Star,http://www.moneycontrol.com/india/stockpricequote/consumergoods-whitegoods/lloydelectricengineering/LEE
Alstom T&D,417.50,390.05,415.25,401.10,14.15,278534,502982,319789,198293,3 Star,http://www.moneycontrol.com/india/stockpricequote/power-transmissionequipment/alstomtdindia/ATD
Finolex Cables,258,241,256.65,247.90,8.75,309671,485524,438271,305402,3 Star,http://www.moneycontrol.com/india/stockpricequote/cables-telephone/finolexcables/FC01
Techno Electric,338,318,324.85,313.95,10.90,79365,130349,67556,77930,3 Star,http://www.moneycontrol.com/india/stockpricequote/electricequipment/technoelectricengineeringcompany/TEE
Blue Star,378.90,352.10,366.70,354.35,12.35,218537,82951,118436,78751,4 Star,http://www.moneycontrol.com/india/stockpricequote/consumergoods-whitegoods/bluestar/BS
India Cements,113.80,106.10,112.65,108.90,3.75,4544893,3164088,2721054,2378618,5 Star,http://www.moneycontrol.com/india/stockpricequote/cement-major/indiacements/IC
Motor and Gen F,38.40,37.50,38.40,37.10,1.30,241,1106,2467,1500,2 Star,http://www.moneycontrol.com/india/stockpricequote/finance-leasinghirepurchase/motorgeneralfinance/MGF
Siti Cable,28,26.70,27.75,26.85,0.90,1108876,909589,628902,433712,5 Star,http://www.moneycontrol.com/india/stockpricequote/mediaentertainment/siticablenetwork/WWI
Genus Power,27.65,25.10,27.35,26.45,0.90,162440,93783,94416,126517,4 Star,http://www.moneycontrol.com/india/stockpricequote/electricals/genuspowerinfrastructures/GPI08
Petron Engg,152.65,143.50,151.10,146.20,4.90,5002,9755,15214,11469,2 Star,http://www.moneycontrol.com/india/stockpricequote/engineering/petronengineeringconstruction/PEC01
Elecon Eng,53,50.55,52.55,50.85,1.70,193485,367958,330834,225955,3 Star,http://www.moneycontrol.com/india/stockpricequote/engineering-heavy/eleconengineeringcompany/EEC
KSK Energy Vent,77,73.70,75.95,73.50,2.45,55042,137077,321511,248551,2 Star,http://www.moneycontrol.com/india/stockpricequote/power-generationdistribution/kskenergyventures/KEV
Pratibha Ind,58.95,56.70,57.50,55.65,1.85,829197,651122,413949,261869,5 Star,http://www.moneycontrol.com/india/stockpricequote/constructioncontracting-civil/pratibhaindustries/PI33
Sundaram-Clayto,1630,1550,1627.30,1575.10,52.20,1961,726,1062,1394,4 Star,http://www.moneycontrol.com/india/stockpricequote/autoancillaries/sundaram-clayton/SC
JM Financial,47.35,45,46.85,45.35,1.50,1029190,795164,1628786,899016,2 Star,http://www.moneycontrol.com/india/stockpricequote/finance-investments/jmfinancial/JMF
Sanghvi Movers,174.95,160.60,171.70,166.20,5.50,27203,15602,20756,16494,4 Star,http://www.moneycontrol.com/india/stockpricequote/engineering-heavy/sanghvimovers/SM10
ADF Foods,63.40,57.05,61.30,59.35,1.95,178988,248417,177855,115679,3 Star,http://www.moneycontrol.com/india/stockpricequote/foodprocessing/adffoodsindustries/AF30
ALSTOM India,604,555.65,594.65,575.65,19,429631,179833,180418,94612,4 Star,http://www.moneycontrol.com/india/stockpricequote/power-transmissionequipment/alstomindia/AP29
Torrent Pharma,969.75,944,967.25,936.50,30.75,70414,80316,88506,80326,2 Star,http://www.moneycontrol.com/india/stockpricequote/pharmaceuticals/torrentpharmaceuticals/TP06
HT Media,113.80,107.50,109.40,105.95,3.45,486983,297079,230649,142638,5 Star,http://www.moneycontrol.com/india/stockpricequote/mediaentertainment/htmedia/HT
Gulf Oil Lubri,396.65,372.25,383.55,371.50,12.05,104208,114929,103412,61670,3 Star,http://www.moneycontrol.com/india/stockpricequote/lubricants/gulfoillubricants/GOL01
Surana Telecom,49.25,40,44.85,43.45,1.40,60339,7624,5777,28592,4 Star,http://www.moneycontrol.com/india/stockpricequote/cables-telephone/suranatelecompower/ST12
Onward Tech,59.65,56.25,57.90,56.10,1.80,19242,16655,13945,6678,5 Star,http://www.moneycontrol.com/india/stockpricequote/computers-softwaremediumsmall/onwardtechnologies/OT
DCB Bank,105,100.10,104.85,101.60,3.25,1908081,1640553,1456588,943208,5 Star,http://www.moneycontrol.com/india/stockpricequote/banks-privatesector/dcbbank/DCB01
Gammon India,34.80,33,34.15,33.10,1.05,243677,388009,573895,432231,2 Star,http://www.moneycontrol.com/india/stockpricequote/constructioncontracting-civil/gammonindia/GI03
PSU BANK BEES,439,421,434.27,421.24,13.03,2623,1347,2157,2049,4 Star,http://www.moneycontrol.com/india/stockpricequote/finance-investments/goldmansachspsubankexchangetradedscheme/BMF
Vardhman Acryli,23.75,22.75,23.50,22.80,0.70,84642,61732,60816,40610,5 Star,http://www.moneycontrol.com/india/stockpricequote/textiles-manmade/vardhmanacrylics/VA08
Adani Power,47.50,45.30,47.25,45.85,1.40,3739797,4165679,4454317,3908863,2 Star,http://www.moneycontrol.com/india/stockpricequote/power-generationdistribution/adanipower/AP11
OnMobile Global,53.40,50.15,52.80,51.25,1.55,2298314,1663595,3884945,1673265,2 Star,http://www.moneycontrol.com/india/stockpricequote/computers-softwaremediumsmall/onmobileglobal/OG01
Suprajit Eng,126.80,120.15,124.80,121.15,3.65,62235,29904,62376,42818,2 Star,http://www.moneycontrol.com/india/stockpricequote/autoancillaries/suprajitengineering/SE15
MMTC Ltd,68.30,64.60,66.95,65,1.95,733106,510059,669157,692802,4 Star,http://www.moneycontrol.com/india/stockpricequote/trading/mmtc/MMT
Tata Global Bev,161.90,154.35,159.90,155.25,4.65,4643861,1958651,2687566,2309160,4 Star,http://www.moneycontrol.com/india/stockpricequote/plantations-teacoffee/tataglobalbeverage/TT
Mahindra Ugine,574.50,530.60,565.15,548.75,16.40,96266,61086,111277,50640,2 Star,http://www.moneycontrol.com/india/stockpricequote/steel-mediumsmall/mahindrauginesteelcompany/MUS
Usher Agro,61.80,59,60.50,58.75,1.75,348181,544827,585680,385908,2 Star,http://www.moneycontrol.com/india/stockpricequote/foodprocessing/usheragro/UA01
Igarashi Motors,314.15,296.05,307.20,298.30,8.90,138331,65764,97823,124480,4 Star,http://www.moneycontrol.com/india/stockpricequote/electricequipment/igarashimotors/IM01
Kotak PSU Bank,418.95,404.50,416.57,404.54,12.03,21326,5599,9134,13294,4 Star,http://www.moneycontrol.com/india/stockpricequote/finance-investments/kotakmahindramf-kotakpsubanketf/KMM
Super Sales,319,295,314,304.95,9.05,290,699,482,577,3 Star,http://www.moneycontrol.com/india/stockpricequote/textiles-spinning-cottonblended/supersalesindia/SSI13
Asian Paints,694.95,675,691.95,672.20,19.75,2528265,2047305,1842379,1497658,5 Star,http://www.moneycontrol.com/india/stockpricequote/paintsvarnishes/asianpaints/AP31
Trent,1532.95,1449,1517.35,1474.15,43.20,40569,36318,33321,19456,5 Star,http://www.moneycontrol.com/india/stockpricequote/retail/trent/T04
Century Enka,163.25,156,162.10,157.45,4.65,30703,19056,33229,23050,2 Star,http://www.moneycontrol.com/india/stockpricequote/textiles-manmade/centuryenka/CE
AIA Engineering,1115,1075,1108,1076.60,31.40,58634,149597,100174,69135,3 Star,http://www.moneycontrol.com/india/stockpricequote/engineering-heavy/aiaengineering/AIE01
Radico Khaitan,84.50,81.55,83.75,81.40,2.35,170297,277322,242125,256180,3 Star,http://www.moneycontrol.com/india/stockpricequote/breweriesdistilleries/radicokhaitan/RK01
Bosch,17176,16628.40,17033.25,16563.10,470.15,11289,17939,12174,8059,3 Star,http://www.moneycontrol.com/india/stockpricequote/autoancillaries/bosch/B05
Tree House,459.80,429.80,444.70,432.35,12.35,65500,99413,116414,62160,2 Star,http://www.moneycontrol.com/india/stockpricequote/computers-software-training/treehouseeducationaccessories/THE01
UCAL Fuel,133.20,125.50,130.15,126.55,3.60,199043,758573,389909,144716,3 Star,http://www.moneycontrol.com/india/stockpricequote/autoancillaries/ucalfuelsystems/UFS
Upper Ganges,42.75,40.05,41.80,40.65,1.15,2380,6685,3944,1986,3 Star,http://www.moneycontrol.com/india/stockpricequote/sugar/uppergangessugar/UGS
Agro Tech Foods,629.90,602.50,625.80,608.60,17.20,6808,11878,11891,7614,2 Star,http://www.moneycontrol.com/india/stockpricequote/edibleoilssolventextraction/agrotechfoods/ATF
Akzo Nobel,1291.85,1227.65,1288.45,1253.10,35.35,17261,25488,22808,19954,3 Star,http://www.moneycontrol.com/india/stockpricequote/paintsvarnishes/akzonobelindia/ICI
Manappuram Fin,35.40,33.90,34.75,33.80,0.95,2394913,3294879,4287027,3238065,2 Star,http://www.moneycontrol.com/india/stockpricequote/finance-leasinghirepurchase/manappuramfinance/MGF01
ICICI Gold ETF,2526,2456,2500.40,2432,68.40,358,528,595,376,2 Star,http://www.moneycontrol.com/india/stockpricequote/finance-investments/iciciprudentialgoldexchangetradedfund/ICI10
Voltas,279.95,269.25,279.15,271.55,7.60,4570809,3187644,2497605,2423044,5 Star,http://www.moneycontrol.com/india/stockpricequote/diversified/voltas/V
IDBI Gold ETF,2549.95,2487,2543,2473.80,69.20,524,189,402,229,4 Star,http://www.moneycontrol.com/india/stockpricequote/finance-investments/idbigoldexchangetradedfund/IDB06
Reliance Infra,641.75,615.20,638.45,621.10,17.35,1967409,1937657,2285618,1975972,2 Star,http://www.moneycontrol.com/india/stockpricequote/power-generationdistribution/relianceinfrastructure/RI38
Chambal Fert,71.10,68.25,70.60,68.70,1.90,1039707,843816,904397,619715,4 Star,http://www.moneycontrol.com/india/stockpricequote/fertilisers/chambalfertiliserschemicals/CFC
SBI Gold ETF,2485,2436,2482.55,2415.50,67.05,6930,7433,8625,5261,2 Star,http://www.moneycontrol.com/india/stockpricequote/finance-investments/sbimutualfund-goldexchangetradedscheme/SBI16
Global Offshore,535,507,523.35,509.45,13.90,88412,53518,53116,37731,5 Star,http://www.moneycontrol.com/india/stockpricequote/shipping/globaloffshoreservices/GOS
R Shares Gold,2374,2322,2370.60,2307.60,63,7973,6702,5481,2801,5 Star,http://www.moneycontrol.com/india/stockpricequote/finance-investments/r*sharesgoldetf/RMF
IRB Infra,279,262.40,275.15,267.85,7.30,2093712,3508696,3228419,3013831,3 Star,http://www.moneycontrol.com/india/stockpricequote/infrastructure-general/irbinfrastructuredevelopers/IID01
Rain Industries,51.85,49.10,50.95,49.60,1.35,322431,278029,478194,359718,2 Star,http://www.moneycontrol.com/india/stockpricequote/cement-major/rainindustries/RC12
Huhtamaki PPL,187,177.05,184.45,179.60,4.85,41512,41702,66735,43941,2 Star,http://www.moneycontrol.com/india/stockpricequote/packaging/huhtamakippl/PP
Balmer Lawrie,587,562.10,580.80,565.55,15.25,51742,38797,53780,32762,2 Star,http://www.moneycontrol.com/india/stockpricequote/packaging/balmerlawriecompany/BLC
Asian Hotel (W),115.90,109,115.85,112.80,3.05,656,6888,6059,3591,3 Star,http://www.moneycontrol.com/india/stockpricequote/hotels/asianhotels(west)/AHW
GNFC,92.30,89.20,91.65,89.25,2.40,182587,78892,107423,134279,4 Star,http://www.moneycontrol.com/india/stockpricequote/fertilisers/gujaratnarmadavalleyfertilizerschemicals/GNV
Jindal Saw,103.60,97.15,101.45,98.80,2.65,9603059,13459536,7264549,3080799,3 Star,http://www.moneycontrol.com/india/stockpricequote/steel-tubespipes/jindalsaw/JS08
MOSt Gold ETF,2559.30,2461.05,2505.15,2440,65.15,1753,325,370,278,4 Star,http://www.moneycontrol.com/india/stockpricequote/finance-investments/motilaloswalmostsharesgoldetf/MOM03
Religare Gold,2519.95,2472.75,2500,2435.25,64.75,260,73,91,68,4 Star,http://www.moneycontrol.com/india/stockpricequote/finance-investments/religaregoldexchangetradedfund/RGE
Andhra Bank,89.35,86.15,89.05,86.75,2.30,3521723,3633983,5057942,4101345,2 Star,http://www.moneycontrol.com/india/stockpricequote/banks-publicsector/andhrabank/AB14
Welspun Invest,36,32.30,35,34.10,0.90,1738,502,488,1182,4 Star,http://www.moneycontrol.com/india/stockpricequote/finance-investments/welspuninvestmentscommercials/WIC01
Oil Country,41.80,39.65,41.05,40,1.05,48186,38568,45212,33354,4 Star,http://www.moneycontrol.com/india/stockpricequote/steel-tubespipes/oilcountrytubular/OCT
Texmaco Rail,115.60,108.50,112.75,109.90,2.85,3199062,3481420,2504751,1238526,3 Star,http://www.moneycontrol.com/india/stockpricequote/infrastructure-general/texmacorailengineering/TRE
Corporation Bk,331.75,320,330.25,321.90,8.35,285788,102106,178499,83900,4 Star,http://www.moneycontrol.com/india/stockpricequote/banks-publicsector/corporationbank/CB
TD Power System,457,428,450.70,439.50,11.20,380217,107394,66226,57754,5 Star,http://www.moneycontrol.com/india/stockpricequote/engineering-heavy/tdpowersystems/TPS01
Axis Gold ETF,2486,2448.25,2474.70,2413.35,61.35,625,1179,1154,586,3 Star,http://www.moneycontrol.com/india/stockpricequote/finance-investments/axismutualfund-goldetf/AMF02
Kotak MF-GETF,2464.50,2401,2424.05,2364.20,59.85,5528,5164,5401,3462,4 Star,http://www.moneycontrol.com/india/stockpricequote/finance-investments/kotakmutualfund-goldexchangetradedfund/KMF03
Thangamayil,191.05,182.10,189.75,185.10,4.65,6621,3995,2961,1747,5 Star,http://www.moneycontrol.com/india/stockpricequote/diamondcuttingpreciousmetalsjewellery/thangamayiljewellery/TJ
Birla Ericsson,68.20,62.75,67.35,65.70,1.65,95947,62534,56665,44291,5 Star,http://www.moneycontrol.com/india/stockpricequote/cables-telephone/birlaericssonopticals/BEO
Birla Corp,504.20,476,492.60,480.55,12.05,48158,41877,66299,48304,2 Star,http://www.moneycontrol.com/india/stockpricequote/cement-major/birlacorporation/BC07
Vipul,41.50,39.50,41.30,40.30,1,180004,125770,132954,74577,4 Star,http://www.moneycontrol.com/india/stockpricequote/constructioncontracting-realestate/vipul/V04
DQ Entertain,28.35,25.80,26.95,26.30,0.65,303446,131539,102002,125448,5 Star,http://www.moneycontrol.com/india/stockpricequote/mediaentertainment/dqentertainmentinternational/DEI01
Gallantt Ispat,395.70,393,395.45,385.95,9.50,16982,27980,22814,23948,3 Star,http://www.moneycontrol.com/india/stockpricequote/steel-spongeiron/gallanttispat/GI
Prakash Steelag,165,151.10,153.90,150.20,3.70,24731,34161,22586,15356,3 Star,http://www.moneycontrol.com/india/stockpricequote/steel-tubespipes/prakashsteelage/PS16
Balaji Telefilm,79,75,78.20,76.35,1.85,169239,276542,266628,217082,3 Star,http://www.moneycontrol.com/india/stockpricequote/mediaentertainment/balajitelefilms/BT06
Quantum Gold,1241,1211,1231.80,1202.20,29.60,1263,945,1363,841,2 Star,http://www.moneycontrol.com/india/stockpricequote/finance-investments/quantumgoldfund-exchangetradedfund(etf)/QGF
HOEC,51.95,48.80,50.95,49.75,1.20,1041317,976141,1511242,1231158,2 Star,http://www.moneycontrol.com/india/stockpricequote/oildrillingandexploration/hindustanoilexplorationcompany/HOE01
Munjal Auto Ind,118.20,112,116.90,114.15,2.75,60564,186662,135149,95923,3 Star,http://www.moneycontrol.com/india/stockpricequote/autoancillaries/munjalautoindustries/MAI04
Astral Poly Tec,403.30,380,398.50,389.15,9.35,138665,108452,584168,217347,2 Star,http://www.moneycontrol.com/india/stockpricequote/plastics/astralpolytechnik/APT02
Coromandel Int,323.80,312.20,321.85,314.30,7.55,98763,97630,189938,167090,2 Star,http://www.moneycontrol.com/india/stockpricequote/fertilisers/coromandelinternational/CI45
Ganesh Housing,140.05,135,138.10,134.85,3.25,26181,42075,27787,14140,3 Star,http://www.moneycontrol.com/india/stockpricequote/constructioncontracting-housing/ganeshhousingcorporation/GHC02
TIL,416.95,402,412.80,403.20,9.60,20068,56749,38031,20360,3 Star,http://www.moneycontrol.com/india/stockpricequote/engineering-heavy/til/TIL
Technocraft Ind,195.45,185.20,189.25,184.85,4.40,38690,28609,34296,23262,4 Star,http://www.moneycontrol.com/india/stockpricequote/steel-mediumsmall/technocraftindustries(india)/TII01
Indraprastha,52.45,51,52.10,50.90,1.20,77667,155977,175670,118251,2 Star,http://www.moneycontrol.com/india/stockpricequote/hospitalsmedicalservices/indraprasthamedicalcorporation/IMC03
CenturyPlyboard,141.90,135.50,140.20,137,3.20,137582,286765,713358,397112,2 Star,http://www.moneycontrol.com/india/stockpricequote/miscellaneous/centuryplyboards/CP9
Tamil Newsprint,142,138,141.50,138.25,3.25,49243,103009,71646,55814,3 Star,http://www.moneycontrol.com/india/stockpricequote/paper/tamilnadunewsprintpapers/TNN
MPS,738.80,705,722.35,705.95,16.40,23860,11533,49151,31971,2 Star,http://www.moneycontrol.com/india/stockpricequote/printingstationery/mps/MI31
Orient Cement,148.65,137,143.35,140.10,3.25,141307,191947,256309,234522,2 Star,http://www.moneycontrol.com/india/stockpricequote/cement-major/orientcement/OC10
Gillanders Arbu,75,71.25,73.70,72.05,1.65,16071,22053,14099,8191,3 Star,http://www.moneycontrol.com/india/stockpricequote/plantations-teacoffee/gillandersarbuthnotco/GAC03
Kakatiya Cement,110,105.90,109.85,107.40,2.45,7179,3931,3630,3566,5 Star,http://www.moneycontrol.com/india/stockpricequote/cement-mini/kakatiyacements/KC01
Jamna Auto,154,146.60,153.15,149.75,3.40,10956,25366,16566,8812,3 Star,http://www.moneycontrol.com/india/stockpricequote/autoancillaries/jamnaautoindustries/JAI
Oudh Sugar Mill,23.30,21.20,22.70,22.20,0.50,7327,9817,8490,4804,3 Star,http://www.moneycontrol.com/india/stockpricequote/sugar/oudhsugarmills/OSM
Can Fin Homes,510,502,504.25,493.25,11,29872,50043,48218,37525,3 Star,http://www.moneycontrol.com/india/stockpricequote/finance-housing/canfinhomes/CFH
Triveni Engg,28.65,27,27.80,27.20,0.60,543189,702396,427912,192546,3 Star,http://www.moneycontrol.com/india/stockpricequote/sugar/triveniengineeringindustries/TE10
BF Investment,119,114,117.05,114.50,2.55,24175,53898,78824,64991,2 Star,http://www.moneycontrol.com/india/stockpricequote/finance-investments/bfinvestment/BFI
Timken,455.60,441.50,451.35,441.65,9.70,460232,699343,442278,245349,3 Star,http://www.moneycontrol.com/india/stockpricequote/bearings/timkenindia/TI23
NHPC,21.05,20.30,20.95,20.50,0.45,5701311,4990934,7285036,5218437,2 Star,http://www.moneycontrol.com/india/stockpricequote/power-generationdistribution/nhpc/N07
GIC Housing Fin,192.05,187.25,190.85,186.75,4.10,232971,539430,345277,204148,3 Star,http://www.moneycontrol.com/india/stockpricequote/finance-housing/gichousingfinance/GIC
Hero Motocorp,3040.85,2950.05,3028.90,2964.40,64.50,779054,549612,1725090,932811,2 Star,http://www.moneycontrol.com/india/stockpricequote/auto-23wheelers/heromotocorp/HHM
Mahindra Life,531.90,509.20,528.10,516.85,11.25,23845,11552,18335,17972,4 Star,http://www.moneycontrol.com/india/stockpricequote/constructioncontracting-civil/mahindralifespacedevelopers/MLD
Jindal Poly Inv,130.40,121.30,126.90,124.20,2.70,14819,9795,7245,4577,5 Star,http://www.moneycontrol.com/india/stockpricequote/finance-general/jindalpolyinvestmentfinancecompany/JPI02
HDFC Gold ETF,2544.90,2510,2529.20,2475.65,53.55,3812,1998,3193,1928,4 Star,http://www.moneycontrol.com/india/stockpricequote/finance-investments/hdfcmutualfund-goldexchangetradedfund/HDF02
Aarti Ind,301,291,298.05,291.80,6.25,48959,35385,74738,45792,2 Star,http://www.moneycontrol.com/india/stockpricequote/chemicals/aartiindustries/AI45
TVS Srichakra,1740,1678,1714.45,1678.80,35.65,20898,90491,49252,22713,3 Star,http://www.moneycontrol.com/india/stockpricequote/tyres/tvssrichakra/TVS03
Jayant Agro-Org,135.85,125.15,132.10,129.35,2.75,11330,39328,33502,15057,3 Star,http://www.moneycontrol.com/india/stockpricequote/chemicals/jayantagro-organics/JAO
Munjal Showa,236.45,220.65,234.70,229.85,4.85,73213,38206,136827,88497,2 Star,http://www.moneycontrol.com/india/stockpricequote/autoancillaries/munjalshowa/MS
Kirloskar Ind,615,605.70,614.60,601.85,12.75,1802,576,631,832,4 Star,http://www.moneycontrol.com/india/stockpricequote/engines/kirloskarindustries/KOE
Granules India,818.90,773.10,799.90,783.45,16.45,215418,256576,239655,185689,3 Star,http://www.moneycontrol.com/india/stockpricequote/pharmaceuticals/granulesindia/GI25
Fedders Lloyd,81.75,77.10,79.70,78.05,1.65,203474,231344,168582,110448,3 Star,http://www.moneycontrol.com/india/stockpricequote/consumergoods-whitegoods/fedderslloyd/FL
Pioneer Distill,39.25,36.40,39.10,38.30,0.80,540,6488,5054,5735,3 Star,http://www.moneycontrol.com/india/stockpricequote/breweriesdistilleries/pioneerdistilleries/PDL
Berger Paints,367.50,355.25,366.10,358.65,7.45,493892,217729,267770,370186,4 Star,http://www.moneycontrol.com/india/stockpricequote/paintsvarnishes/bergerpaintsindia/BPI02
Gillette India,3514.95,3351.60,3477.95,3407.45,70.50,7508,24474,16850,7918,3 Star,http://www.moneycontrol.com/india/stockpricequote/personalcare/gilletteindia/GI22
PNB Gilts,27.40,26.50,27.05,26.50,0.55,290203,354379,652542,430052,2 Star,http://www.moneycontrol.com/india/stockpricequote/finance-investments/pnbgilts/PNB04
Canara Bank,413.90,398,411.05,402.75,8.30,2161892,1914356,2073089,1947656,4 Star,http://www.moneycontrol.com/india/stockpricequote/banks-publicsector/canarabank/CB06
Guj Flourochem,773.75,740.15,768.65,753.50,15.15,26587,41260,75195,69472,2 Star,http://www.moneycontrol.com/india/stockpricequote/chemicals/gujaratfluorochemicals/GF07
Venkys,467.95,456.30,463.45,454.20,9.25,25511,63024,43399,48752,3 Star,http://www.moneycontrol.com/india/stockpricequote/miscellaneous/venkys/V03
EIH Assoc Hotel,195.95,192,195.90,192.05,3.85,1979,3942,3892,2468,3 Star,http://www.moneycontrol.com/india/stockpricequote/hotels/eihassociatedhotels/EIH01
Styrolution ABS,652,629.95,642.65,630.10,12.55,86303,16908,27885,28573,4 Star,http://www.moneycontrol.com/india/stockpricequote/petrochemicals/styrolutionabs(india)/INE01
Alembic,49.95,47.95,48.95,48,0.95,674458,835722,849988,819988,2 Star,http://www.moneycontrol.com/india/stockpricequote/pharmaceuticals/alembic/A08
Butterfly,290,260.30,272.50,267.25,5.25,44885,13391,7497,3123,5 Star,http://www.moneycontrol.com/india/stockpricequote/domesticappliances/butterflygandhimathiappliances/GA
NTPC,146.30,142.50,145.90,143.10,2.80,6573392,4988274,4574855,5109971,4 Star,http://www.moneycontrol.com/india/stockpricequote/power-generationdistribution/ntpc/NTP
Nectar Life,39.70,37.50,39,38.25,0.75,390737,783104,950190,551860,2 Star,http://www.moneycontrol.com/india/stockpricequote/pharmaceuticals/nectarlifesciences/NL01
Sundram,198.50,190.45,194.65,190.95,3.70,473980,505262,571464,385839,2 Star,http://www.moneycontrol.com/india/stockpricequote/fasteners/sundramfasteners/SF23
Tara Jewels,95.45,91.60,94.65,92.85,1.80,3008,9487,7747,7892,3 Star,http://www.moneycontrol.com/india/stockpricequote/diamondcuttingpreciousmetalsjewellery/tarajewels/TJ01
SREI Infra,44.90,43.30,44.60,43.75,0.85,364561,1090035,1026398,742954,3 Star,http://www.moneycontrol.com/india/stockpricequote/finance-leasinghirepurchase/sreiinfrastructurefinance/SRE02
Everonn Edu,43.75,41.15,42.05,41.25,0.80,61524,87547,188116,82294,2 Star,http://www.moneycontrol.com/india/stockpricequote/computers-software-training/everonneducation/EE05
Pennar Inds,62.60,59.40,60.65,59.50,1.15,1581404,2577425,2122308,1310485,3 Star,http://www.moneycontrol.com/india/stockpricequote/steel-crhrstrips/pennarindustries/PI28
Gabriel India,96.75,92.05,95.65,93.85,1.80,793235,1058092,1210786,913892,2 Star,http://www.moneycontrol.com/india/stockpricequote/autoancillaries/gabrielindia/GI02
Panasonic App,264,256,263.10,258.15,4.95,5582,6712,44553,18919,2 Star,http://www.moneycontrol.com/india/stockpricequote/domesticappliances/panasonicappliancesindiacompany/PHA01
JagranPrakashan,138.80,134,136.70,134.15,2.55,268805,169487,202393,195135,4 Star,http://www.moneycontrol.com/india/stockpricequote/mediaentertainment/jagranprakashan/JP12
Abbott India,3331.35,3199.65,3295.70,3234.35,61.35,6247,24824,18992,7981,3 Star,http://www.moneycontrol.com/india/stockpricequote/pharmaceuticals/abbottindia/AI51
Ahmednagar Forg,461.25,440.20,458.55,450,8.55,336073,546925,427977,313503,3 Star,http://www.moneycontrol.com/india/stockpricequote/castingsforgings/ahmednagarforgings/AF01
Birla Gold ETF,2535,2502,2529.95,2482.70,47.25,142,112,116,91,4 Star,http://www.moneycontrol.com/india/stockpricequote/finance-investments/birlasunlifegoldetf/BSL02
Mangalam Cement,320,309.05,315.65,309.80,5.85,255571,125291,175749,145176,4 Star,http://www.moneycontrol.com/india/stockpricequote/cement-major/mangalamcement/MC03
Union Bank,222.50,214.20,220.95,216.90,4.05,4077683,3860194,4737658,4346333,2 Star,http://www.moneycontrol.com/india/stockpricequote/banks-publicsector/unionbankindia/UBI01
Salora Inter,43.85,42,43.70,42.90,0.80,517,6613,4818,3234,3 Star,http://www.moneycontrol.com/india/stockpricequote/consumergoods-electronic/salorainternational/SI24
Lakshmi Mills,2131,2076,2131,2092,39,10,52,79,62,2 Star,http://www.moneycontrol.com/india/stockpricequote/textiles-compositemills/lakshmimillscompany/LMC
Ambika Cotton,489,468.40,483.75,474.95,8.80,9789,9199,7837,4571,5 Star,http://www.moneycontrol.com/india/stockpricequote/textiles-spinning-cottonblended/ambikacottonmills/ACM04
Power Grid Corp,147.05,143.70,146.75,144.10,2.65,2769723,4738496,5244117,5196949,2 Star,http://www.moneycontrol.com/india/stockpricequote/power-generationdistribution/powergridcorporationindia/PGC
Hind Copper,82.20,78.95,80.55,79.10,1.45,246337,222383,299002,253283,2 Star,http://www.moneycontrol.com/india/stockpricequote/metals-nonferrous/hindustancopper/HC07
Alembic Pharma,461.90,448.95,455.50,447.35,8.15,165432,306048,213864,201393,3 Star,http://www.moneycontrol.com/india/stockpricequote/pharmaceuticals/alembicpharmaceuticals/AP35
Trigyn Tech,49.40,46,47.25,46.40,0.85,46018,95850,82595,84506,3 Star,http://www.moneycontrol.com/india/stockpricequote/computers-softwaremediumsmall/trigyntechnologies/TT08
Bajaj Hind,22.70,21.80,22.50,22.10,0.40,2177013,4624674,2950739,1891520,3 Star,http://www.moneycontrol.com/india/stockpricequote/sugar/bajajhindusthan/BH06
Jyoti Structure,43.30,41,42.30,41.55,0.75,725945,1326991,1677585,878338,2 Star,http://www.moneycontrol.com/india/stockpricequote/power-transmissionequipment/jyotistructures/JS03
Astra Microwave,122.70,117,120.80,118.65,2.15,752724,520913,1558618,898276,2 Star,http://www.moneycontrol.com/india/stockpricequote/telecommunications-equipment/astramicrowaveproducts/AMP01
Arvind,289,279.30,287.10,282.05,5.05,2549366,2656637,3077677,3048978,2 Star,http://www.moneycontrol.com/india/stockpricequote/textiles-denim/arvind/A18
IDFC,158.80,153.90,157.40,154.65,2.75,9233547,6426366,8400123,5960298,4 Star,http://www.moneycontrol.com/india/stockpricequote/finance-termlendinginstitutions/idfc/IDF
Kesar Terminals,410,390.05,399.50,392.50,7,5956,6767,20387,12311,2 Star,http://www.moneycontrol.com/india/stockpricequote/miscellaneous/kesarterminalsinfrastructure/KTI04
Ajanta Pharma,2175,2100.05,2154.30,2117.10,37.20,40551,62400,73438,43964,2 Star,http://www.moneycontrol.com/india/stockpricequote/pharmaceuticals/ajantapharma/AP22
FDC,157.90,151.10,154.90,152.25,2.65,73031,138253,99949,97493,3 Star,http://www.moneycontrol.com/india/stockpricequote/pharmaceuticals/fdc/FDC
Eimco Elecon,357.95,339.90,350,344,6,1125,669,777,667,4 Star,http://www.moneycontrol.com/india/stockpricequote/engineering-heavy/eimcoelecon(india)/EEI
Jocil,131.10,126,128.40,126.20,2.20,2768,5543,5451,2885,3 Star,http://www.moneycontrol.com/india/stockpricequote/miscellaneous/jocil/J01
Bajaj Corp,295,282,289.50,284.65,4.85,124680,96819,88427,82008,5 Star,http://www.moneycontrol.com/india/stockpricequote/personalcare/bajajcorp/BC02
Godfrey Phillip,3064.95,2992,3033.40,2982.60,50.80,8098,7051,6255,3467,5 Star,http://www.moneycontrol.com/india/stockpricequote/cigarettes/godfreyphillipsindia/GPI
CPSE ETF,25.95,25.25,25.86,25.43,0.43,1035006,242780,508842,558839,4 Star,http://www.moneycontrol.com/india/stockpricequote/finance-investments/goldmansachsmutualfund-cpseetf/CPS01
Reliance Power,73.40,71.50,73.10,71.90,1.20,7121553,5680711,6387503,4838980,4 Star,http://www.moneycontrol.com/india/stockpricequote/power-generationdistribution/reliancepower/RP
Goldman BEES,2439,2416.05,2430.40,2390.45,39.95,34694,23182,35685,24328,2 Star,http://www.moneycontrol.com/india/stockpricequote/banks-privatesector/goldmansachsgoldexchangetradedscheme/GBE
Gyscoal Alloys,40.80,37.10,39.80,39.15,0.65,12436,8176,12703,10736,2 Star,http://www.moneycontrol.com/india/stockpricequote/steel-spongeiron/gyscoalalloys/GA01
Indian Bank,186,179.30,184.25,181.25,3,170245,308338,275490,267452,3 Star,http://www.moneycontrol.com/india/stockpricequote/banks-publicsector/indianbank/IB04
Fert and Chem,34.50,33.30,33.80,33.25,0.55,74168,69895,136286,75192,2 Star,http://www.moneycontrol.com/india/stockpricequote/fertilisers/fertiliserschemicalstravancore/FCT
Ashok Leyland,55.60,54,55.30,54.40,0.90,17903225,30693039,23226246,16457316,3 Star,http://www.moneycontrol.com/india/stockpricequote/auto-lcvshcvs/ashokleyland/AL
Electrosteel,21.75,20.90,21.50,21.15,0.35,332985,766322,685682,522444,3 Star,http://www.moneycontrol.com/india/stockpricequote/castingsforgings/electrosteelcastings/EC02
Ind Motor Parts,759,719,751.85,739.80,12.05,7023,6371,3877,2968,5 Star,http://www.moneycontrol.com/india/stockpricequote/trading/indiamotorpartsaccessories/IMP03
Sunil HitechEng,193.35,181.45,184,181.05,2.95,189999,123506,180562,104387,4 Star,http://www.moneycontrol.com/india/stockpricequote/power-transmissionequipment/sunilhitechengineers/SHE
TTK Prestige,3920,3712.20,3808.10,3747.40,60.70,13607,12536,10000,13582,4 Star,http://www.moneycontrol.com/india/stockpricequote/domesticappliances/ttkprestige/TTK02
Alkali Metals,23,21,22.25,21.90,0.35,7686,13805,10022,6459,3 Star,http://www.moneycontrol.com/india/stockpricequote/chemicals/alkalimetals/AM11
Himadri Chem,28.95,28,28.55,28.10,0.45,31181,144736,138404,73691,3 Star,http://www.moneycontrol.com/india/stockpricequote/chemicals/himadrichemicalsindustries/HCI01
Tourism Finance,48.95,45.60,47.50,46.75,0.75,405033,442863,530446,392956,2 Star,http://www.moneycontrol.com/india/stockpricequote/finance-termlendinginstitutions/tourismfinancecorpindia/TFC
KEC Intl,99.30,94.70,98.50,96.95,1.55,275807,351910,408189,313993,2 Star,http://www.moneycontrol.com/india/stockpricequote/power-transmissionequipment/kecinternational/KEC04
UTI - Gold,2499,2411.10,2419.60,2381.85,37.75,3446,2461,3545,2490,2 Star,http://www.moneycontrol.com/india/stockpricequote/banks-publicsector/utigoldexchangetradedfund/UTI18
Bank of Mah,45.50,44.15,45.20,44.50,0.70,237462,410804,540120,305895,2 Star,http://www.moneycontrol.com/india/stockpricequote/banks-publicsector/bankmaharashtra/BM05
Bharat Elec,2299.70,2245.45,2280.45,2245.40,35.05,122941,147226,148450,109647,2 Star,http://www.moneycontrol.com/india/stockpricequote/electricals/bharatelectronics/BE03
Dishman Pharma,144.45,140,141.15,139,2.15,840091,1250833,978381,827887,3 Star,http://www.moneycontrol.com/india/stockpricequote/pharmaceuticals/dishmanpharmaceuticalschemicals/DPC02
Century,593.90,574.45,584.25,575.25,9,809908,568596,1084086,740098,2 Star,http://www.moneycontrol.com/india/stockpricequote/diversified/centurytextilesindustries/CTI
PanasonicCarbon,269.80,257.60,263.65,259.65,4,1952,7813,21913,11956,2 Star,http://www.moneycontrol.com/india/stockpricequote/electrodesgraphite/panasoniccarbonindia/PCI04
SRF,859.85,826,850.55,837.65,12.90,380744,318430,888761,453872,2 Star,http://www.moneycontrol.com/india/stockpricequote/textiles-manmade/srf/SRF
Bajaj Finserv,1070,1025,1049.25,1033.55,15.70,111096,141775,117887,66847,3 Star,http://www.moneycontrol.com/india/stockpricequote/finance-investments/bajajfinserv/BF04
Mindtree,1149,1111.55,1142.35,1125.35,17,70748,128619,245924,236017,2 Star,http://www.moneycontrol.com/india/stockpricequote/computers-software/mindtree/MT13
BSL,36.50,33,33.90,33.40,0.50,13039,31995,19547,8847,3 Star,http://www.moneycontrol.com/india/stockpricequote/textiles-weaving/bsl/BSL
Educomp Sol,32.70,29.15,30.65,30.20,0.45,570353,288525,662692,390695,2 Star,http://www.moneycontrol.com/india/stockpricequote/computers-software-training/educompsolutions/ES8
Kirl Electric,31,28.90,30.65,30.20,0.45,18624,40708,34306,21603,3 Star,http://www.moneycontrol.com/india/stockpricequote/electricequipment/kirloskarelectricco/KEC02
Thirumalai Chem,108.30,104.50,106.35,104.80,1.55,34026,72730,61267,35186,3 Star,http://www.moneycontrol.com/india/stockpricequote/chemicals/thirumalaichemicals/TC07
IG Petro,65,55,61.85,60.95,0.90,75044,88275,53562,27847,3 Star,http://www.moneycontrol.com/india/stockpricequote/chemicals/igpetrochemicals/IGP
Sangam India,84.40,81,82.55,81.35,1.20,64544,38043,30812,30897,5 Star,http://www.moneycontrol.com/india/stockpricequote/textiles-spinning-syntheticblended/sangam(india)/SI03
Supreme Ind,596.90,579.70,591.50,582.95,8.55,38250,83569,64761,59977,3 Star,http://www.moneycontrol.com/india/stockpricequote/plastics/supremeindustries/SI48
Orient Press,105.70,99.05,105.50,104,1.50,4358,4814,5025,4665,2 Star,http://www.moneycontrol.com/india/stockpricequote/printingstationery/orientpress/OP02
SJVN,24.35,23.85,24.15,23.80,0.35,1031109,2062789,3135443,1504296,2 Star,http://www.moneycontrol.com/india/stockpricequote/power-generationdistribution/sjvn/S11
Ramco Cements,355,346,353.95,348.90,5.05,596157,150005,197643,128105,4 Star,http://www.moneycontrol.com/india/stockpricequote/cement-major/theramcocements/MC
JSW Holdings,963,927,952.75,939.35,13.40,28884,69115,55674,46357,3 Star,http://www.moneycontrol.com/india/stockpricequote/finance-investments/jswholdings/JSW
IFCI,39.35,37.95,39.15,38.60,0.55,6727433,10800787,10489985,7668978,3 Star,http://www.moneycontrol.com/india/stockpricequote/finance-termlendinginstitutions/ifci/IFC02
Hinduja Found,50,50,50,49.30,0.70,146,6904,4352,3041,3 Star,http://www.moneycontrol.com/india/stockpricequote/castingsforgings/hindujafoundries/HF10
Tata Comm,446.50,434.55,442.15,436,6.15,723042,776420,982453,613724,2 Star,http://www.moneycontrol.com/india/stockpricequote/telecommunications-service/tatacommunications/TC17
Microsec Fin,83.50,77.15,80.35,79.25,1.10,32671,53036,33591,18937,3 Star,http://www.moneycontrol.com/india/stockpricequote/finance-general/microsecfinancialservices/MFS
Hatsun Agro,316.80,285,313.05,308.75,4.30,15215,3227,4207,4447,4 Star,http://www.moneycontrol.com/india/stockpricequote/foodprocessing/hatsunagroproducts/HAP
J. K. Cement,679.80,662.70,668.70,659.55,9.15,88451,72474,142555,95828,2 Star,http://www.moneycontrol.com/india/stockpricequote/cement-major/jkcement/JKC03
STC India,206.45,199,202.50,199.75,2.75,111443,62614,92334,105343,4 Star,http://www.moneycontrol.com/india/stockpricequote/trading/statetradingcorporationindia/STC
Alphageo,522,491.15,507.70,500.85,6.85,59697,57343,43888,28245,5 Star,http://www.moneycontrol.com/india/stockpricequote/oildrillingandexploration/alphageo(india)/AI10
Birla Nifty ETF,83.99,82.15,83.34,82.21,1.13,298,482,504,328,2 Star,http://www.moneycontrol.com/india/stockpricequote/finance-investments/birlasunlifeniftyetf/BSL03
HFCL,22.95,21.65,22.40,22.10,0.30,8981197,12233069,11020717,8201008,3 Star,http://www.moneycontrol.com/india/stockpricequote/telecommunications-equipment/himachalfuturisticcommunication/HFC
Kanoria Chem,41.30,39.90,40.90,40.35,0.55,21791,32381,76697,56943,2 Star,http://www.moneycontrol.com/india/stockpricequote/chemicals/kanoriachemicalsindustries/KCI01
Marksans Pharma,62.70,58.50,60.90,60.10,0.80,2192904,2156534,3358729,3338146,2 Star,http://www.moneycontrol.com/india/stockpricequote/pharmaceuticals/marksanspharma/MP21
Opto Circuits,23.70,22.70,23.10,22.80,0.30,1905658,4538454,4781024,2862881,2 Star,http://www.moneycontrol.com/india/stockpricequote/hospitalsmedicalservices/optocircuitsindia/OCI01
Hitech Plast,120.65,114.60,118.85,117.30,1.55,20968,40365,24866,27493,3 Star,http://www.moneycontrol.com/india/stockpricequote/plastics/hitechplast/HP08
Balrampur Chini,67,63.25,65.15,64.30,0.85,943598,2897992,1776813,918925,3 Star,http://www.moneycontrol.com/india/stockpricequote/sugar/balrampurchinimills/BCM
Zee Media,23.80,22.75,23.05,22.75,0.30,1736865,3105346,3007319,1446876,3 Star,http://www.moneycontrol.com/india/stockpricequote/mediaentertainment/zeemediacorporation/ZN
Indian Hotels,109.55,105.85,108.25,106.85,1.40,774482,620795,902690,826384,2 Star,http://www.moneycontrol.com/india/stockpricequote/hotels/indianhotelscompany/IHC
Bajaj Holdings,1439.70,1398.05,1422.85,1404.45,18.40,92136,66185,49926,29990,5 Star,http://www.moneycontrol.com/india/stockpricequote/finance-investments/bajajholdingsinvestment/BHI
Rane Brake,296,280,295.15,291.35,3.80,3691,7813,6859,5746,3 Star,http://www.moneycontrol.com/india/stockpricequote/autoancillaries/ranebrakelinings/RBL01
Bank of India,289.95,283,288.65,285,3.65,3497581,3027811,3446869,3436570,4 Star,http://www.moneycontrol.com/india/stockpricequote/banks-publicsector/bankofindia/BOI
Vardhman Text,422.40,412.25,421.40,416,5.40,37026,122082,89793,73299,3 Star,http://www.moneycontrol.com/india/stockpricequote/textiles-spinning-cottonblended/vardhmantextiles/VT10
JK Paper,31.85,31.05,31.80,31.40,0.40,50318,53619,70028,50005,2 Star,http://www.moneycontrol.com/india/stockpricequote/paper/jkpaper/JKP01
Allahabad Bank,121.80,118.20,120.95,119.45,1.50,2821080,2935345,3583605,3512742,2 Star,http://www.moneycontrol.com/india/stockpricequote/banks-publicsector/allahabadbank/AB15
Bharti Airtel,395,385.20,393.20,388.35,4.85,2082320,3510656,6188759,4363802,2 Star,http://www.moneycontrol.com/india/stockpricequote/telecommunications-service/bhartiairtel/BA08
Karnataka Bank,140.90,136.05,138.90,137.20,1.70,2627055,3470048,3506323,2144522,2 Star,http://www.moneycontrol.com/india/stockpricequote/banks-privatesector/karnatakabank/KB04
HEG,281.20,269.95,277.30,273.90,3.40,49899,85220,63230,37892,3 Star,http://www.moneycontrol.com/india/stockpricequote/electrodesgraphite/heg/HEG
Capital First,365.50,356.15,361.90,357.45,4.45,139896,329171,395129,269678,2 Star,http://www.moneycontrol.com/india/stockpricequote/finance-general/capitalfirst/FCH
Thermax,1093.70,1043,1062.10,1049.15,12.95,93064,64941,117240,60979,2 Star,http://www.moneycontrol.com/india/stockpricequote/infrastructure-general/thermax/T
Excel Infoways,25,24.50,24.95,24.65,0.30,19451,17573,17780,13032,4 Star,http://www.moneycontrol.com/india/stockpricequote/computers-softwaremediumsmall/excelinfoways/EI07
Britannia,1703.90,1640,1644,1624.30,19.70,377117,194763,172442,122830,5 Star,http://www.moneycontrol.com/india/stockpricequote/foodprocessing/britanniaindustries/BI
Shoppers Stop,519.45,495.05,508,501.90,6.10,120429,161643,198085,94155,2 Star,http://www.moneycontrol.com/india/stockpricequote/retail/shoppersstop/SS51
Punjab & Sind,63.55,61.55,62.95,62.20,0.75,318890,1055807,667826,362539,3 Star,http://www.moneycontrol.com/india/stockpricequote/banks-publicsector/punjabsindbank/PSB
Mcleod,246,238.20,245.20,242.30,2.90,571436,572824,468878,366202,3 Star,http://www.moneycontrol.com/india/stockpricequote/plantations-teacoffee/mcleodrussel(india)/MRI02
Man Infra,25.90,24.85,25.15,24.85,0.30,76839,185887,193927,86857,2 Star,http://www.moneycontrol.com/india/stockpricequote/constructioncontracting-civil/maninfraconstruction/MI37
Castrol,454.60,438.40,447.30,442.05,5.25,539616,658375,512015,289156,3 Star,http://www.moneycontrol.com/india/stockpricequote/lubricants/castrolindia/CI01
Bata India,1340.55,1301.40,1329.45,1313.65,15.80,407946,167867,154058,156826,5 Star,http://www.moneycontrol.com/india/stockpricequote/leatherproducts/bataindia/BI01
Redington,104.25,101.20,103.90,102.70,1.20,678066,1570785,1230633,557287,3 Star,http://www.moneycontrol.com/india/stockpricequote/computers-hardware/redington(india)/RI37
Atul Auto,393.90,375,387.20,382.70,4.50,44799,46339,121672,68568,2 Star,http://www.moneycontrol.com/india/stockpricequote/auto-23wheelers/atulauto/AA08
Goldiam Inter,32,28.50,30.90,30.55,0.35,13625,14146,12006,8962,3 Star,http://www.moneycontrol.com/india/stockpricequote/diamondcuttingpreciousmetalsjewellery/goldiaminternational/GI10
Asahi India,130,126.90,128.35,126.90,1.45,32386,104412,122661,120380,2 Star,http://www.moneycontrol.com/india/stockpricequote/glassglassproducts/asahiindiaglass/AIG01
BharatiShipyard,35.70,34.10,35.10,34.70,0.40,20782,26580,29995,28170,2 Star,http://www.moneycontrol.com/india/stockpricequote/shipping/bharatishipyard/BS13
GRUH Finance,236.90,232,235.40,232.75,2.65,120592,336155,352200,315437,2 Star,http://www.moneycontrol.com/india/stockpricequote/finance-housing/gruhfinance/GRU
Dhanlaxmi Bank,45,44,44.60,44.10,0.50,209266,520663,389851,272522,3 Star,http://www.moneycontrol.com/india/stockpricequote/banks-privatesector/dhanlaxmibank/DB01
State Bk Travan,475.30,445.60,470.10,464.85,5.25,59551,89217,79172,58062,3 Star,http://www.moneycontrol.com/india/stockpricequote/banks-publicsector/statebanktravancore/SBT
Eros Intl,328.80,312.60,324.60,321,3.60,418279,468970,362338,236949,3 Star,http://www.moneycontrol.com/india/stockpricequote/mediaentertainment/erosinternationalmedia/EIM
Syndicate Bank,129,125.55,127.90,126.50,1.40,2085741,1817520,2187627,2102240,2 Star,http://www.moneycontrol.com/india/stockpricequote/banks-publicsector/syndicatebank/SB9
Orient Abrasive,23,22.10,22.80,22.55,0.25,11536,54682,51964,37146,3 Star,http://www.moneycontrol.com/india/stockpricequote/abrasives/orientabrasives/OA01
SML Isuzu,975,938,946.85,936.60,10.25,36237,65404,63959,42176,3 Star,http://www.moneycontrol.com/india/stockpricequote/auto-lcvshcvs/smlisuzu/SM
Oberoi Realty,260,248.25,257.70,254.95,2.75,291296,226254,215205,236369,4 Star,http://www.moneycontrol.com/india/stockpricequote/constructioncontracting-realestate/oberoirealty/OR
Tantia Const,23.70,21.90,23.15,22.90,0.25,1722,6310,8167,4041,2 Star,http://www.moneycontrol.com/india/stockpricequote/constructioncontracting-civil/tantiaconstructions/TC15
Adani Enterpris,500.90,490.75,495.30,490,5.30,1225574,1681165,1417992,1360008,3 Star,http://www.moneycontrol.com/india/stockpricequote/trading/adanienterprises/AE13
EID Parry,244.80,234.10,238.10,235.60,2.50,195089,289944,299857,199512,2 Star,http://www.moneycontrol.com/india/stockpricequote/sugar/eidparry(india)/EID
Dalmia Sugar,24.90,23,24.05,23.80,0.25,20673,35853,24666,16299,3 Star,http://www.moneycontrol.com/india/stockpricequote/sugar/dalmiabharatsugarindustries/DCB
Zee Entertain,382.45,372,380.10,376.15,3.95,2187360,2600956,2627639,2263343,2 Star,http://www.moneycontrol.com/india/stockpricequote/mediaentertainment/zeeentertainmententerprises/ZEE
Autoline Ind,92.90,88.55,91.10,90.15,0.95,130405,186255,182278,176818,3 Star,http://www.moneycontrol.com/india/stockpricequote/autoancillaries/autolineindustries/AI59
Cords Cable Ind,29.55,27,28.85,28.55,0.30,2517,6455,5029,2889,3 Star,http://www.moneycontrol.com/india/stockpricequote/cables-powerothers/cordscableindustries/CCI07
SKS Microfin,367.70,356.50,363.60,359.85,3.75,1216886,1930442,3428057,1919434,2 Star,http://www.moneycontrol.com/india/stockpricequote/finance-general/sksmicrofinance/SM11
Eveready Ind,164.85,155.60,161.50,159.85,1.65,971938,1329399,1108512,556421,3 Star,http://www.moneycontrol.com/india/stockpricequote/drycells/evereadyindustriesindia/EII02
IOB,58.90,57.30,58.55,57.95,0.60,978348,1295714,2416466,2011708,2 Star,http://www.moneycontrol.com/india/stockpricequote/banks-publicsector/indianoverseasbank/IOB
Jain Irrigation,83.90,81.35,83.10,82.25,0.85,3114446,5792327,4525791,3099404,3 Star,http://www.moneycontrol.com/india/stockpricequote/plastics/jainirrigationsystems/JIS02
Cigniti Tech,485,470,482.35,477.45,4.90,15935,22538,18489,0,3 Star,http://www.moneycontrol.com/india/stockpricequote/computers-softwaremediumsmall/cignititechnologies/CI42
Puravankara,101.40,98,98.45,97.45,1,56318,187514,167458,124248,3 Star,http://www.moneycontrol.com/india/stockpricequote/constructioncontracting-realestate/puravankaraprojects/PP01
India Glycols,121.60,118.05,120.10,118.90,1.20,70340,90255,209121,134656,2 Star,http://www.moneycontrol.com/india/stockpricequote/chemicals/indiaglycols/IG
GMR Infra,20.45,19.35,20.30,20.10,0.20,28136387,16282598,18479116,24750840,4 Star,http://www.moneycontrol.com/india/stockpricequote/infrastructure-general/gmrinfrastructure/GI27
Jain Irrig (D),55,53.10,54.30,53.75,0.55,23227,52793,47582,34747,3 Star,http://www.moneycontrol.com/india/stockpricequote/plastics/jainirrigationsystems(dvr)/JIS03
IFGL Refractory,171,166.35,168.80,167.15,1.65,16073,57419,88090,65420,2 Star,http://www.moneycontrol.com/india/stockpricequote/cement-productsbuildingmaterials/ifglrefractories/IFG
Honda Siel,905.90,872,901.15,892.35,8.80,15996,10298,14518,8244,4 Star,http://www.moneycontrol.com/india/stockpricequote/electricequipment/hondasielpowerproducts/HSP02
Ahluwalia,159.90,150.15,154.65,153.15,1.50,125968,76458,90317,57619,4 Star,http://www.moneycontrol.com/india/stockpricequote/constructioncontracting-civil/ahluwaliacontractsindia/ACI12
Garware Wall,184,178,181.15,179.40,1.75,48114,54864,43567,24577,3 Star,http://www.moneycontrol.com/india/stockpricequote/textiles-general/garwarewallropes/GWR
Lovable Lingeri,424.90,409.95,413,409,4,395418,1645378,884648,361545,3 Star,http://www.moneycontrol.com/india/stockpricequote/textiles-readymadeapparels/lovablelingerie/LL04
Dish TV,64.45,61.60,63.70,63.10,0.60,4027935,5938056,4880138,3331735,3 Star,http://www.moneycontrol.com/india/stockpricequote/mediaentertainment/dishtvindia/DTV
Kwality,48.25,46.15,47.75,47.30,0.45,308534,508599,413413,352514,3 Star,http://www.moneycontrol.com/india/stockpricequote/foodprocessing/kwality/KDI01
Swelect Energy,429.05,413.05,419.50,415.65,3.85,7360,6584,7542,6095,2 Star,http://www.moneycontrol.com/india/stockpricequote/electricequipment/swelectenergysystems/NPS
Vadilal Ind,226.40,211.10,225.70,223.60,2.10,12054,7587,17444,11338,2 Star,http://www.moneycontrol.com/india/stockpricequote/foodprocessing/vadilalindustries/VI01
Container Corp,1363.80,1331.85,1355.20,1343,12.20,127889,22487,55392,51667,4 Star,http://www.moneycontrol.com/india/stockpricequote/transportlogistics/containercorporationindia/CCI
RPP Infra Proj,155,139.50,140.75,139.50,1.25,91203,97731,64291,86859,3 Star,http://www.moneycontrol.com/india/stockpricequote/constructioncontracting-civil/rppinfraprojects/RIP01
Tide Water Oil,16275,15338.70,16011.45,15869.45,142,1207,1753,1665,1213,3 Star,http://www.moneycontrol.com/india/stockpricequote/lubricants/tidewateroil/TWO
Hikal,712.95,694.95,706.10,699.85,6.25,2074,5703,5510,4769,3 Star,http://www.moneycontrol.com/india/stockpricequote/pharmaceuticals/hikal/H05
National Steel,23.40,21.70,22.90,22.70,0.20,8364,24427,16672,11498,3 Star,http://www.moneycontrol.com/india/stockpricequote/steel-gpgcsheets/nationalsteelagroindustries/NSA02
Pearl Global In,227,221.20,224.20,222.25,1.95,10136,20767,14772,10482,3 Star,http://www.moneycontrol.com/india/stockpricequote/textiles-readymadeapparels/pearlglobalindustries/HPF01
Vaibhav Global,750,736,742.10,735.65,6.45,39885,33358,28049,17885,5 Star,http://www.moneycontrol.com/india/stockpricequote/miscellaneous/vaibhavglobal/VG02
Foseco India,1083,992.05,1030.10,1021.15,8.95,10245,3165,1979,1452,5 Star,http://www.moneycontrol.com/india/stockpricequote/chemicals/fosecoindia/FI12
Motherson Sumi,432.15,420.25,428.30,424.65,3.65,969652,3119650,2788708,2231602,3 Star,http://www.moneycontrol.com/india/stockpricequote/autoancillaries/mothersonsumisystems/MSS01
Delta Corp,101.30,97.10,100,99.15,0.85,3050299,4598659,3290169,2479327,3 Star,http://www.moneycontrol.com/india/stockpricequote/finance-general/deltacorp/DC11
JUNIOR BEES,186.90,182.65,186.01,184.40,1.61,7874,11088,27693,23492,2 Star,http://www.moneycontrol.com/india/stockpricequote/finance-investments/goldmansachsniftyjuniorexchangetradedscheme/BMF04
NBCC,795,766,781.15,774.55,6.60,446519,695349,1183602,1094275,2 Star,http://www.moneycontrol.com/india/stockpricequote/infrastructure-general/nationalbuildingsconstructioncorporation/NBC01
Shriram Trans,1069.90,1038.35,1051.90,1043.10,8.80,1204539,2039324,1693894,908031,3 Star,http://www.moneycontrol.com/india/stockpricequote/finance-leasinghirepurchase/shriramtransportfinancecorporation/STF
Atlas Cycles,272.50,262.10,269.05,266.80,2.25,37221,65223,59816,58393,3 Star,http://www.moneycontrol.com/india/stockpricequote/miscellaneous/atlascycleindustries/ACI08
Supreme Tex,24.85,22.55,23.90,23.70,0.20,255395,69799,116341,109450,4 Star,http://www.moneycontrol.com/india/stockpricequote/textiles-spinning-cottonblended/supremetexmart/STM03
MRF,32770,32210,32621.20,32355.25,265.95,6337,11348,12008,11194,2 Star,http://www.moneycontrol.com/india/stockpricequote/tyres/mrf/MRF
Rolta,116.60,110,114.75,113.80,0.95,1469228,2016867,1346513,1107764,3 Star,http://www.moneycontrol.com/india/stockpricequote/computers-software/roltaindia/RI15
Aro Granite,87.35,84.65,85.10,84.40,0.70,37007,93418,72301,66999,3 Star,http://www.moneycontrol.com/india/stockpricequote/ceramicsgranite/arograniteindustries/AGI01
JMC Projects,160.85,153.05,158.25,156.95,1.30,12397,68635,57066,23991,3 Star,http://www.moneycontrol.com/india/stockpricequote/constructioncontracting-civil/jmcprojects(india)/JMC
ONGC,399.10,391.55,396.45,393.25,3.20,3715764,4677987,4852891,4619047,2 Star,http://www.moneycontrol.com/india/stockpricequote/oildrillingandexploration/oilnaturalgascorporation/ONG
Exide Ind,163,160.55,162.30,161,1.30,795154,1518450,2464409,2452748,2 Star,http://www.moneycontrol.com/india/stockpricequote/autoancillaries/exideindustries/EI
INFRA BEES,336.28,327,331.99,329.31,2.68,3201,2254,3620,2168,2 Star,http://www.moneycontrol.com/india/stockpricequote/finance-investments/goldmansachsinfrastructureets/IBE
Gujarat Apollo,120.25,117.05,119.85,118.90,0.95,3945,5757,6350,6304,2 Star,http://www.moneycontrol.com/india/stockpricequote/engineering-heavy/gujaratapolloindustries/GAI03
Hydro SandS Ind,255,240,249.25,247.30,1.95,10359,12069,16378,8453,2 Star,http://www.moneycontrol.com/india/stockpricequote/plastics/hydrossindustries/HSS
Titan Company,379.85,371.15,377.60,374.65,2.95,789089,1147560,1901454,1135469,2 Star,http://www.moneycontrol.com/india/stockpricequote/miscellaneous/titancompany/TI01
Kernex Micro,65,62.20,64.30,63.80,0.50,17887,38912,32128,19263,3 Star,http://www.moneycontrol.com/india/stockpricequote/computers-softwaremediumsmall/kernexmicrosystems(india)/KMI
Mahindra CIE,232.40,222.05,227.35,225.60,1.75,390757,322938,369844,218320,4 Star,http://www.moneycontrol.com/india/stockpricequote/castingsforgings/mahindracieautomotive/MF19
Edelweiss,59.45,57.70,58.60,58.15,0.45,1699114,1117581,969115,805377,5 Star,http://www.moneycontrol.com/india/stockpricequote/finance-general/edelweissfinancialservices/EC01
EngineersInd,229.85,223.05,227.65,225.90,1.75,592332,1345074,950889,601982,3 Star,http://www.moneycontrol.com/india/stockpricequote/infrastructure-general/engineersindia/EI14
DB Realty,75.90,71.20,74.20,73.65,0.55,547567,385918,450195,339471,4 Star,http://www.moneycontrol.com/india/stockpricequote/constructioncontracting-realestate/dbrealty/DR
Hinduja Venture,332.65,325.40,330.85,328.35,2.50,30546,41597,35555,31549,3 Star,http://www.moneycontrol.com/india/stockpricequote/computers-software/hindujaventures/HV
IIFL NIFTY ETF,880,851.10,861.41,855,6.41,144,430,251,190,3 Star,http://www.moneycontrol.com/india/stockpricequote/finance-investments/iiflmutualfund-iiflniftyetf/IIF
Kansai Nerolac,1928.50,1905.20,1914.95,1900.70,14.25,12931,6169,9732,8855,4 Star,http://www.moneycontrol.com/india/stockpricequote/paintsvarnishes/kansainerolacpaints/KNP
Swaraj Engines,966.95,940,955.70,948.60,7.10,3869,10419,7580,4893,3 Star,http://www.moneycontrol.com/india/stockpricequote/engines/swarajengines/SE
Shree Cements,9221.90,9100,9162.70,9094.15,68.55,1713,16369,14732,13241,3 Star,http://www.moneycontrol.com/india/stockpricequote/cement-major/shreecements/SC12
Texmaco Infra,49.40,47.30,47.80,47.45,0.35,409427,503857,353817,182927,3 Star,http://www.moneycontrol.com/india/stockpricequote/infrastructure-general/texmacoinfrastructureholdings/T02
Petronet LNG,199.70,196.25,198.60,197.15,1.45,688584,1381242,2003096,1475223,2 Star,http://www.moneycontrol.com/india/stockpricequote/oildrillingandexploration/petronetlng/PLN
Khaitan Elec,64.90,58,64.45,64,0.45,2987,2271,1720,1670,5 Star,http://www.moneycontrol.com/india/stockpricequote/domesticappliances/khaitanelectricals/KE02
Logix Micro,22,20.65,21.85,21.70,0.15,50109,56997,51792,45874,3 Star,http://www.moneycontrol.com/india/stockpricequote/computers-softwaremediumsmall/logixmicrosystems/LM02
OCL India,308.05,299,304.55,302.45,2.10,22975,7406,8713,9102,4 Star,http://www.moneycontrol.com/india/stockpricequote/cement-major/oclindia/OCL
3M India,6740,6599.95,6648.65,6603,45.65,1302,3149,1834,895,3 Star,http://www.moneycontrol.com/india/stockpricequote/diversified/3mindia/MI42
TTK Healthcare,847,806,829.65,824,5.65,23610,24647,17631,19788,3 Star,http://www.moneycontrol.com/india/stockpricequote/pharmaceuticals/ttkhealthcare/TTK
Speciality Rest,202,182.75,189.65,188.35,1.30,108255,224529,150200,90175,3 Star,http://www.moneycontrol.com/india/stockpricequote/hotels/specialityrestaurants/SR06
Cummins,855,843.35,854.65,849,5.65,141054,369406,352216,212066,3 Star,http://www.moneycontrol.com/india/stockpricequote/engines/cumminsindia/CI02
Atlanta,68.65,66.35,67.35,66.90,0.45,110454,158581,194466,119478,2 Star,http://www.moneycontrol.com/india/stockpricequote/constructioncontracting-civil/atlanta/A9
Vivimed Labs,381.85,363,371.25,368.85,2.40,22845,11429,11969,18858,4 Star,http://www.moneycontrol.com/india/stockpricequote/pharmaceuticals/vivimedlabs/VL07
ILandFS Trans,190.40,185,188.10,186.90,1.20,86477,190915,261431,198152,2 Star,http://www.moneycontrol.com/india/stockpricequote/infrastructure-general/ilandfstransportationnetworks/ITN
Symphony,2059.95,2000,2048.85,2035.90,12.95,33091,30372,35321,34199,2 Star,http://www.moneycontrol.com/india/stockpricequote/consumergoods-whitegoods/symphony/SCS04
EIH,104.75,102.50,104.25,103.60,0.65,166846,133616,170406,138342,2 Star,http://www.moneycontrol.com/india/stockpricequote/hotels/eih/EIH
Vardhman Steels,32.45,31,32.20,32,0.20,15381,7273,6266,4646,5 Star,http://www.moneycontrol.com/india/stockpricequote/steel-mediumsmall/vardhmanspecialsteels/VSS01
HDIL,90.25,87.55,88.70,88.15,0.55,9190722,11063362,13565277,12929635,2 Star,http://www.moneycontrol.com/india/stockpricequote/constructioncontracting-realestate/housingdevelopmentinfrastructure/HDI
Kovai Medical,499.90,485,490,487,3,751,3534,3470,2461,3 Star,http://www.moneycontrol.com/india/stockpricequote/hospitalsmedicalservices/kovaimedicalcenterhospital/KMC02
Navin Fluorine,597,568,587.10,583.55,3.55,6068,8395,7275,5643,3 Star,http://www.moneycontrol.com/india/stockpricequote/chemicals/navinfluorineinternational/NFI
L&T Finance,74.75,73.55,74.35,73.90,0.45,3693505,7357353,6017885,3718219,3 Star,http://www.moneycontrol.com/india/stockpricequote/finance-investments/ltfinanceholdings/LFH
Federal-Mogul,364,343,350.45,348.35,2.10,10020,15156,17827,10647,2 Star,http://www.moneycontrol.com/india/stockpricequote/autoancillaries/federal-mogulgoetze/FMG
SPIC,26.10,25.05,25.30,25.15,0.15,681292,582119,1105225,989739,2 Star,http://www.moneycontrol.com/india/stockpricequote/fertilisers/southernpetrochemicalindustriescorporation/SPI01
Jayshree Tea,94.70,91.75,93.55,93,0.55,60011,50276,103397,84284,2 Star,http://www.moneycontrol.com/india/stockpricequote/plantations-teacoffee/jayshreeteaindustries/JTI
Godrej Prop,254.35,248.70,250.80,249.40,1.40,380028,120262,233755,144452,4 Star,http://www.moneycontrol.com/india/stockpricequote/constructioncontracting-realestate/godrejproperties/GP11
Merck,808.50,793,800.30,796.20,4.10,14262,20050,21932,18046,2 Star,http://www.moneycontrol.com/india/stockpricequote/pharmaceuticals/merck/M12
Precot Meridian,68.80,66.20,66.85,66.50,0.35,1493,2749,2800,2718,2 Star,http://www.moneycontrol.com/india/stockpricequote/textiles-spinning-cottonblended/precotmeridian/PM
Religare Nifty,800.05,800.05,800.05,796,4.05,91,40,34,38,5 Star,http://www.moneycontrol.com/india/stockpricequote/finance-investments/religareniftyexchangetradedfund/RNE
PG Electroplast,96.25,90,94,93.50,0.50,10274,17482,11415,16482,3 Star,http://www.moneycontrol.com/india/stockpricequote/consumergoods-electronic/pgelectroplast/PE06
Ramco System,430,422,423.60,421.50,2.10,7307,23666,16765,10707,3 Star,http://www.moneycontrol.com/india/stockpricequote/computers-software/ramcosystem/RS17
Excel,395.50,381.10,385.20,383.30,1.90,28475,32539,92635,43611,2 Star,http://www.moneycontrol.com/india/stockpricequote/pesticidesagrochemicals/excelindustries/EI10
Hindalco,159.05,155.50,158.05,157.30,0.75,5914642,10921206,9820500,10488469,3 Star,http://www.moneycontrol.com/india/stockpricequote/aluminium/hindalcoindustries/HI
Apcotex Ind,434.50,420,424.60,422.60,2,17109,26811,83580,42313,2 Star,http://www.moneycontrol.com/india/stockpricequote/rubber/apcotexindustries/AI58
Datamatics Glob,85,82.25,82.90,82.50,0.40,42308,199045,188946,147176,3 Star,http://www.moneycontrol.com/india/stockpricequote/computers-softwaremediumsmall/datamaticsglobalservices/DGS01
Alkyl Amines,355.05,344,351,349.35,1.65,6614,5836,6106,5632,4 Star,http://www.moneycontrol.com/india/stockpricequote/chemicals/alkylamineschemicals/AAC
Rico Auto,44.90,43.05,44,43.80,0.20,1056636,811307,1329413,1188999,2 Star,http://www.moneycontrol.com/india/stockpricequote/autoancillaries/ricoauto/RA04
United Bank,43.70,42.75,43.35,43.15,0.20,224940,439540,666483,500277,2 Star,http://www.moneycontrol.com/india/stockpricequote/banks-publicsector/unitedbankindia/UBO
Heidelberg Cem,87.25,85.55,87.10,86.70,0.40,237046,347739,676137,656941,2 Star,http://www.moneycontrol.com/india/stockpricequote/cement-major/heidelbergcementindia/HCI02
Shipping Corp,67.25,64.40,65.85,65.55,0.30,1659498,1342090,1049162,668826,5 Star,http://www.moneycontrol.com/india/stockpricequote/shipping/shippingcorporationindia/SCI
Empee Distiller,36.60,35.60,36,35.85,0.15,6467,4953,7545,7414,2 Star,http://www.moneycontrol.com/india/stockpricequote/breweriesdistilleries/empeedistilleries/ED
Vindhya Telelin,503,490.05,492.85,490.75,2.10,1849,3508,10922,5131,2 Star,http://www.moneycontrol.com/india/stockpricequote/cables-telephone/vindhyatelelink/VT03
Kajaria Ceramic,604,594.90,598.95,596.45,2.50,375758,48715,80225,130110,4 Star,http://www.moneycontrol.com/india/stockpricequote/ceramicsgranite/kajariaceramics/KC06
Nandan Denim,50,46.50,47.45,47.25,0.20,63631,113158,92711,90422,3 Star,http://www.moneycontrol.com/india/stockpricequote/textiles-denim/nandandenim/NE06
NIFTYBEES,853.50,845.21,852.65,849.10,3.55,16631,23208,36357,36212,2 Star,http://www.moneycontrol.com/india/stockpricequote/finance-investments/goldmansachsniftyexchangetradedscheme/NBE01
Nava Bharat Ven,215.90,206.60,212.95,212.05,0.90,19145,36622,31071,15737,3 Star,http://www.moneycontrol.com/india/stockpricequote/diversified/navabharatventures/NBV
Karur Vysya,539.40,530.20,533.05,530.85,2.20,97089,127042,134451,101837,2 Star,http://www.moneycontrol.com/india/stockpricequote/banks-privatesector/karurvysyabank/KVB
Navneet,99,96.65,98.50,98.10,0.40,32011,99711,113691,112935,2 Star,http://www.moneycontrol.com/india/stockpricequote/printingstationery/navneeteducation/NP01
Tata Steel,482.95,475.10,480.10,478.15,1.95,2378667,5639180,4971938,5005638,3 Star,http://www.moneycontrol.com/india/stockpricequote/steel-large/tatasteel/TIS
Godrej Consumer,990,973.95,982.60,978.70,3.90,128903,148702,167514,137987,2 Star,http://www.moneycontrol.com/india/stockpricequote/personalcare/godrejconsumerproducts/GCP
Zuari Agro Chem,293.95,285.10,290.60,289.50,1.10,22750,58146,169763,79860,2 Star,http://www.moneycontrol.com/india/stockpricequote/fertilisers/zuariagrochemicals/ZAC
Ruchira Papers,25.95,24.60,24.85,24.75,0.10,55921,18538,23964,11796,4 Star,http://www.moneycontrol.com/india/stockpricequote/paper/ruchirapapers/RP25
Bharti Infratel,303,295,300.10,298.95,1.15,278616,949260,1379913,996172,2 Star,http://www.moneycontrol.com/india/stockpricequote/telecommunications-equipment/bhartiinfratel/BI14
Wyeth,1120,1107.90,1116.25,1112.30,3.95,3575,8661,10662,8549,2 Star,http://www.moneycontrol.com/india/stockpricequote/pharmaceuticals/wyeth/W11
Intl Paper APPM,305,294.45,297.25,296.15,1.10,51332,56954,47500,52667,3 Star,http://www.moneycontrol.com/india/stockpricequote/paper/internationalpaperappm/APP
Intrasoft Tech,54.45,52.05,53,52.80,0.20,4616,17559,57780,42805,2 Star,http://www.moneycontrol.com/india/stockpricequote/miscellaneous/intrasofttechnologies/IT04
Amtek Auto,214.80,205.15,208.05,207.30,0.75,1170657,4770914,2747953,1467192,3 Star,http://www.moneycontrol.com/india/stockpricequote/autoancillaries/amtekauto/AA01
Zydus Wellness,652,635,648.60,646.25,2.35,19693,56533,45384,21868,3 Star,http://www.moneycontrol.com/india/stockpricequote/vanaspatioils/zyduswellness/ZW01
Maruti Suzuki,3370,3313.10,3341.20,3329.55,11.65,186565,206676,423221,308419,2 Star,http://www.moneycontrol.com/india/stockpricequote/auto-carsjeeps/marutisuzukiindia/MS24
Harita Seating,175,169,171.95,171.35,0.60,4903,5082,9123,4090,2 Star,http://www.moneycontrol.com/india/stockpricequote/autoancillaries/haritaseatingsystems/HSS02
Triveni Turbine,116,107.30,113.30,112.90,0.40,454603,768557,448242,193350,3 Star,http://www.moneycontrol.com/india/stockpricequote/engineering-heavy/triveniturbine/TT14
Meghmani Organi,30.45,29.25,29.95,29.85,0.10,1218677,2269598,2363411,1793718,2 Star,http://www.moneycontrol.com/india/stockpricequote/pesticidesagrochemicals/meghmaniorganics/MO04
Shilpa,579.40,525.15,555.20,553.45,1.75,12391,13989,11040,12124,3 Star,http://www.moneycontrol.com/india/stockpricequote/pharmaceuticals/shilpamedicare/SM19
KCP,62.85,60.10,60.30,60.10,0.20,282033,184913,128300,71409,5 Star,http://www.moneycontrol.com/india/stockpricequote/cement-major/kcp/KCP
HIL,710,695,698.40,696.05,2.35,12484,20585,22966,22094,2 Star,http://www.moneycontrol.com/india/stockpricequote/cement-productsbuildingmaterials/hil/HI09
Guj Alkali,195.60,192.40,193.35,192.75,0.60,21635,34984,62386,58437,2 Star,http://www.moneycontrol.com/india/stockpricequote/chemicals/gujaratalkalieschemicals/GAC01
Ansal Propertie,32.45,31.60,32.10,32,0.10,92430,116533,177724,135072,2 Star,http://www.moneycontrol.com/india/stockpricequote/constructioncontracting-housing/ansalpropertiesinfrastructure/API07
Hang Seng BEES,2133,2061,2096.50,2090,6.50,86,66,61,31,5 Star,http://www.moneycontrol.com/india/stockpricequote/finance-investments/goldmansachshangsengexchangetradedscheme/BMF01
Indian Metals,234,223.50,226.35,225.70,0.65,14244,5060,4897,7709,4 Star,http://www.moneycontrol.com/india/stockpricequote/miningminerals/indianmetalsferroalloys/IMF01
Grindwell Norto,519.95,508.10,516.75,515.25,1.50,78767,69178,37533,15638,5 Star,http://www.moneycontrol.com/india/stockpricequote/abrasives/grindwellnorton/GN
HDFC,1138.20,1100.10,1129.90,1126.85,3.05,2004892,1718134,2235299,2160206,2 Star,http://www.moneycontrol.com/india/stockpricequote/finance-housing/housingdevelopmentfinancecorporation/HDF
ITC,371.45,364.60,370.20,369.20,1,3992053,6637063,6918356,5581271,2 Star,http://www.moneycontrol.com/india/stockpricequote/cigarettes/itc/ITC
Wheels,1008,980,989.45,986.85,2.60,8109,12308,30057,18968,2 Star,http://www.moneycontrol.com/india/stockpricequote/autoancillaries/wheelsindia/WI11
Guj State Petro,104.40,100.60,104.05,103.80,0.25,1034467,1070199,969867,747250,3 Star,http://www.moneycontrol.com/india/stockpricequote/oildrillingandexploration/gujaratstatepetronet/GSP02
MOSt NASDAQ 100,261.99,254.51,258.50,257.86,0.64,2189,1229,1231,1609,4 Star,http://www.moneycontrol.com/india/stockpricequote/finance-investments/motilaloswalmostsharesnasdaq100etf/MOM02
De Nora India,152,148.30,150,149.65,0.35,2455,6379,6044,3485,3 Star,http://www.moneycontrol.com/india/stockpricequote/electricequipment/denoraindia/DNI
Neyveli Lignite,88.85,86,87.80,87.60,0.20,164730,259106,329135,177628,2 Star,http://www.moneycontrol.com/india/stockpricequote/power-generationdistribution/neyvelilignitecorporation/NLC
Store One,44.80,42.55,43.10,43,0.10,51717,15342,17130,20966,4 Star,http://www.moneycontrol.com/india/stockpricequote/textiles-readymadeapparels/storeoneretailindia/IRS01
Cairn India,268.70,265.30,268.30,267.70,0.60,1205997,2042062,2395931,2385639,2 Star,http://www.moneycontrol.com/india/stockpricequote/oildrillingandexploration/cairnindia/CI37
Brigade Ent,144.95,140.55,142.50,142.20,0.30,29676,39391,106266,58468,2 Star,http://www.moneycontrol.com/india/stockpricequote/constructioncontracting-realestate/brigadeenterprises/BE08
VTM,24.90,22.05,22.70,22.65,0.05,17473,6001,6341,5478,4 Star,http://www.moneycontrol.com/india/stockpricequote/textiles-hosieryknitwear/vtm/VTM
Pricol,48.30,46.15,47.20,47.10,0.10,284349,459025,408397,441889,3 Star,http://www.moneycontrol.com/india/stockpricequote/autoancillaries/pricol/P9
Chennai Petro,96.40,93.40,94.55,94.35,0.20,263708,868019,769643,756127,3 Star,http://www.moneycontrol.com/india/stockpricequote/refineries/chennaipetroleumcorporation/CPC02
Cox & Kings,311.95,282,309.20,308.55,0.65,1046639,585967,652828,567475,4 Star,http://www.moneycontrol.com/india/stockpricequote/miscellaneous/coxkings/CK
Deepak Fert,143.80,140.75,141.65,141.35,0.30,84962,98277,142039,95150,2 Star,http://www.moneycontrol.com/india/stockpricequote/fertilisers/deepakfertilizerspetrochemicalscoprn/DFP
Orient Refract,102,96.20,97.30,97.10,0.20,29769,51469,65534,46731,2 Star,http://www.moneycontrol.com/india/stockpricequote/cement-productsbuildingmaterials/orientrefractories/OR01
Jindal Drilling,214,196.95,210.50,210.05,0.45,7766,20451,17193,11174,3 Star,http://www.moneycontrol.com/india/stockpricequote/oildrillingandexploration/jindaldrillingindustries/JDI
Hexa Tradex,24.95,22.50,24.45,24.40,0.05,1319,8412,5711,4312,3 Star,http://www.moneycontrol.com/india/stockpricequote/finance-investments/hexatradex/HT03
Amara Raja Batt,710,691.40,699.95,698.55,1.40,259161,687379,407977,296167,3 Star,http://www.moneycontrol.com/india/stockpricequote/autoancillaries/amararajabatteries/ARB
KRBL,100.75,98.35,99.80,99.60,0.20,132648,132900,311047,198463,2 Star,http://www.moneycontrol.com/india/stockpricequote/foodprocessing/krbl/KRB01
Time Techno,49.50,47.65,48.90,48.80,0.10,210771,240305,225226,186097,3 Star,http://www.moneycontrol.com/india/stockpricequote/packaging/timetechnoplast/TT03
MOIL,314.50,305,310.65,310.05,0.60,143509,106550,120066,80471,4 Star,http://www.moneycontrol.com/india/stockpricequote/miningminerals/moil/M18
Ent Network Ind,527.90,516,518.15,517.15,1,4622,12864,9286,8961,3 Star,http://www.moneycontrol.com/india/stockpricequote/mediaentertainment/entertainmentnetworkindia/ENI
Persistent,1313,1286,1292.20,1289.70,2.50,47928,44561,59567,45764,2 Star,http://www.moneycontrol.com/india/stockpricequote/computers-software/persistentsystems/PS15
KLRF,26.50,26.30,26.35,26.30,0.05,436,1003,1938,935,2 Star,http://www.moneycontrol.com/india/stockpricequote/foodprocessing/klrf/KLR
Bajaj Auto,2678.20,2642.85,2657.65,2652.85,4.80,412309,280376,271720,235191,5 Star,http://www.moneycontrol.com/india/stockpricequote/auto-23wheelers/bajajauto/BA10
Jubilant Life,140.50,135,137.55,137.30,0.25,507487,254526,203625,161996,5 Star,http://www.moneycontrol.com/india/stockpricequote/pharmaceuticals/jubilantlifesciences/JO03
Vakrangee,137.80,134.65,135.55,135.30,0.25,267275,640374,474746,551420,3 Star,http://www.moneycontrol.com/india/stockpricequote/computers-softwaremediumsmall/vakrangee/VS
NALCO,60.85,59.50,59.90,59.80,0.10,900426,1936974,1754192,1499770,3 Star,http://www.moneycontrol.com/india/stockpricequote/aluminium/nationalaluminiumcompany/NAC
MRPL,58.35,57.20,57.35,57.25,0.10,390915,1992884,1356512,723124,3 Star,http://www.moneycontrol.com/india/stockpricequote/refineries/mangalorerefinerypetrochemicals/MRP
LIC Housing Fin,426.90,416.50,421.35,420.65,0.70,2939317,4428942,4282374,3139287,3 Star,http://www.moneycontrol.com/india/stockpricequote/finance-housing/lichousingfinance/LIC
AXISCADES Engg,164,146.50,154.05,153.80,0.25,826817,335742,177674,118818,5 Star,http://www.moneycontrol.com/india/stockpricequote/computers-softwaremediumsmall/axiscadesengineeringtechnologies/AXI
Mandhana Ind,320,292,306.20,305.70,0.50,68609,94868,60956,33923,3 Star,http://www.moneycontrol.com/india/stockpricequote/textiles-general/mandhanaindustries/MI24
Hind Nat Glass,128,118,127.15,126.95,0.20,1265,1523,1430,1151,3 Star,http://www.moneycontrol.com/india/stockpricequote/glassglassproducts/hindusthannationalglassindustries/HNG01
Hind Zinc,163.70,160.90,162.30,162.05,0.25,1358047,919527,1119258,1057989,4 Star,http://www.moneycontrol.com/india/stockpricequote/metals-nonferrous/hindustanzinc/HZ
BANK BEES,1787,1758,1782.77,1779.96,2.81,1272,2603,2884,2850,2 Star,http://www.moneycontrol.com/india/stockpricequote/finance-investments/goldmansachsbankingindexexchangetradedscheme/BAM02
IOC,358.70,349.40,357.35,356.80,0.55,1076718,2083107,1998610,1540120,3 Star,http://www.moneycontrol.com/india/stockpricequote/refineries/indianoilcorporation/IOC
GE Shipping,406.05,396.50,399.20,398.60,0.60,129373,75687,75421,102092,4 Star,http://www.moneycontrol.com/india/stockpricequote/shipping/greateasternshippingcompany/GES
Marico,337.30,329.10,330.40,329.90,0.50,773339,779803,981596,801086,2 Star,http://www.moneycontrol.com/india/stockpricequote/personalcare/marico/M13
HUL,765.30,750,757.20,756.15,1.05,586703,759789,849418,842384,2 Star,http://www.moneycontrol.com/india/stockpricequote/personalcare/hindustanunilever/HU
GlaxoSmithKline,2860,2834.90,2853.10,2849.25,3.85,6019,20157,17009,15387,3 Star,http://www.moneycontrol.com/india/stockpricequote/pharmaceuticals/glaxosmithklinepharmaceuticals/GSK
Hind Constr,35.70,33.80,34.80,34.75,0.05,3919284,7656223,7885710,4373693,2 Star,http://www.moneycontrol.com/india/stockpricequote/constructioncontracting-civil/hindustanconstructioncompany/HCC
Dr Reddys Labs,3459.80,3424.95,3439.75,3435.05,4.70,203538,272491,375980,360447,2 Star,http://www.moneycontrol.com/india/stockpricequote/pharmaceuticals/drreddyslaboratories/DRL
Quantum Index,877,875.75,877,875.80,1.20,7,12,190,124,2 Star,http://www.moneycontrol.com/india/stockpricequote/finance-investments/quantumindexfund-exchangetradedfund/QIF
NIIT,51.75,50.10,51,50.95,0.05,646066,699311,849365,647189,2 Star,http://www.moneycontrol.com/india/stockpricequote/computers-software-training/niit/NII
Oil India,596,585,593.05,592.60,0.45,236610,570831,536752,395664,3 Star,http://www.moneycontrol.com/india/stockpricequote/oildrillingandexploration/oilindia/OI13
Lumax Auto Tech,273.50,261,266.35,266.15,0.20,25655,36556,26688,22613,3 Star,http://www.moneycontrol.com/india/stockpricequote/autoancillaries/lumaxautotechnologies/LAT01
Shanthi Gears,124.80,122,124.50,124.40,0.10,36574,57838,92635,76280,2 Star,http://www.moneycontrol.com/india/stockpricequote/engineering/shanthigears/SG04
Selan Explore,444.75,428,434.20,433.85,0.35,44834,50905,39441,39604,3 Star,http://www.moneycontrol.com/india/stockpricequote/oildrillingandexploration/selanexplorationtechnology/SET
Piramal Enter,830.35,804.50,813.75,813.15,0.60,48697,72551,83740,77124,2 Star,http://www.moneycontrol.com/india/stockpricequote/pharmaceuticals/piramalenterprises/PH05
Cadila Health,1559.95,1536.20,1548.80,1547.70,1.10,39990,130221,124072,101590,3 Star,http://www.moneycontrol.com/india/stockpricequote/pharmaceuticals/cadilahealthcare/CHC
Shriram City,1769.90,1575.05,1714.85,1714.05,0.80,605,71221,38133,21553,3 Star,http://www.moneycontrol.com/india/stockpricequote/finance-leasinghirepurchase/shriramcityunionfinance/SCU
Wipro,566,559,564.15,563.90,0.25,1504469,1806104,2504556,2249232,2 Star,http://www.moneycontrol.com/india/stockpricequote/computers-software/wipro/W
SMS Pharma,468.80,447,455,454.85,0.15,4380,18547,12497,10005,3 Star,http://www.moneycontrol.com/india/stockpricequote/pharmaceuticals/smspharmaceuticals/SP38
Tata Inv Corp,569.70,560.05,568.55,568.30,0.25,11685,32633,25727,24669,3 Star,http://www.moneycontrol.com/india/stockpricequote/finance-investments/tatainvestmentcorporation/TIC
IGL,442.30,432.35,434.95,434.80,0.15,242105,1012443,739539,504943,3 Star,http://www.moneycontrol.com/india/stockpricequote/oildrillingandexploration/indraprasthagas/IG04
Sun Pharma Adv,193.50,188.30,191,190.95,0.05,224494,217126,397782,364070,2 Star,http://www.moneycontrol.com/india/stockpricequote/pharmaceuticals/sunpharmaadvancedresearchcompany/SPA
Banco Products,166.05,161.45,164,163.95,0.05,54099,67857,136081,104010,2 Star,http://www.moneycontrol.com/india/stockpricequote/autoancillaries/bancoproducts(india)/BPI
JSW Steel,1243.15,1214.10,1237.70,1237.35,0.35,413584,612167,572535,555473,3 Star,http://www.moneycontrol.com/india/stockpricequote/steel-large/jswsteel/JSW01
Yes Bank,697,685.50,689.55,689.45,0.10,1316034,2086886,2557072,1984240,2 Star,http://www.moneycontrol.com/india/stockpricequote/banks-privatesector/yesbank/YB
